run,type,module,name,attrname,attrvalue,value,count,sumweights,mean,stddev,min,max,binedges,binvalues
TwoHostIntegratedInCSMA-0-20180512-18:27:35-11428,runattr,,,configname,TwoHostIntegratedInCSMA,,,,,,,,,
TwoHostIntegratedInCSMA-0-20180512-18:27:35-11428,runattr,,,datetime,20180512-18:27:35,,,,,,,,,
TwoHostIntegratedInCSMA-0-20180512-18:27:35-11428,runattr,,,experiment,TwoHostIntegratedInCSMA,,,,,,,,,
TwoHostIntegratedInCSMA-0-20180512-18:27:35-11428,runattr,,,inifile,omnetpp.ini,,,,,,,,,
TwoHostIntegratedInCSMA-0-20180512-18:27:35-11428,runattr,,,iterationvars,,,,,,,,,,
TwoHostIntegratedInCSMA-0-20180512-18:27:35-11428,runattr,,,iterationvarsf,,,,,,,,,,
TwoHostIntegratedInCSMA-0-20180512-18:27:35-11428,runattr,,,measurement,,,,,,,,,,
TwoHostIntegratedInCSMA-0-20180512-18:27:35-11428,runattr,,,network,WirelessA2,,,,,,,,,
TwoHostIntegratedInCSMA-0-20180512-18:27:35-11428,runattr,,,processid,11428,,,,,,,,,
TwoHostIntegratedInCSMA-0-20180512-18:27:35-11428,runattr,,,repetition,0,,,,,,,,,
TwoHostIntegratedInCSMA-0-20180512-18:27:35-11428,runattr,,,replication,#0,,,,,,,,,
TwoHostIntegratedInCSMA-0-20180512-18:27:35-11428,runattr,,,resultdir,results,,,,,,,,,
TwoHostIntegratedInCSMA-0-20180512-18:27:35-11428,runattr,,,runnumber,0,,,,,,,,,
TwoHostIntegratedInCSMA-0-20180512-18:27:35-11428,runattr,,,seedset,0,,,,,,,,,
TwoHostIntegratedInCSMA-0-20180512-18:27:35-11428,param,,,WirelessA2.hostPU1.numUdpApps,1,,,,,,,,,
TwoHostIntegratedInCSMA-0-20180512-18:27:35-11428,param,,,WirelessA2.hostPU1.udpApp[0].typename,"""UDPBasicApp""",,,,,,,,,
TwoHostIntegratedInCSMA-0-20180512-18:27:35-11428,param,,,WirelessA2.hostPU1.udpApp[0].destAddresses,"""hostPU2""",,,,,,,,,
TwoHostIntegratedInCSMA-0-20180512-18:27:35-11428,param,,,WirelessA2.hostPU1.udpApp[0].destPort,5000,,,,,,,,,
TwoHostIntegratedInCSMA-0-20180512-18:27:35-11428,param,,,WirelessA2.hostPU1.udpApp[0].messageLength,1000B,,,,,,,,,
TwoHostIntegratedInCSMA-0-20180512-18:27:35-11428,param,,,WirelessA2.hostPU1.udpApp[0].sendInterval,exponential(2ms),,,,,,,,,
TwoHostIntegratedInCSMA-0-20180512-18:27:35-11428,param,,,WirelessA2.hostPU1.udpApp[0].packetName,"""UDPData""",,,,,,,,,
TwoHostIntegratedInCSMA-0-20180512-18:27:35-11428,param,,,WirelessA2.hostPU2.numUdpApps,1,,,,,,,,,
TwoHostIntegratedInCSMA-0-20180512-18:27:35-11428,param,,,WirelessA2.hostPU2.udpApp[0].typename,"""UDPSink""",,,,,,,,,
TwoHostIntegratedInCSMA-0-20180512-18:27:35-11428,param,,,WirelessA2.hostPU2.udpApp[0].localPort,5000,,,,,,,,,
TwoHostIntegratedInCSMA-0-20180512-18:27:35-11428,param,,,*.hostPU1.wlan[0].typename,"""WirelessNic""",,,,,,,,,
TwoHostIntegratedInCSMA-0-20180512-18:27:35-11428,param,,,*.hostPU1.wlan[0].macType,"""CSMA""",,,,,,,,,
TwoHostIntegratedInCSMA-0-20180512-18:27:35-11428,param,,,*.hostPU1.wlan[0].mac.useMACAcks,false,,,,,,,,,
TwoHostIntegratedInCSMA-0-20180512-18:27:35-11428,param,,,*.hostPU1.wlan[0].radio.transmitter.communicationRange,500m,,,,,,,,,
TwoHostIntegratedInCSMA-0-20180512-18:27:35-11428,param,,,*.hostPU2.wlan[0].typename,"""WirelessNic""",,,,,,,,,
TwoHostIntegratedInCSMA-0-20180512-18:27:35-11428,param,,,*.hostPU2.wlan[0].macType,"""CSMA""",,,,,,,,,
TwoHostIntegratedInCSMA-0-20180512-18:27:35-11428,param,,,*.hostPU2.wlan[0].mac.useMACAcks,false,,,,,,,,,
TwoHostIntegratedInCSMA-0-20180512-18:27:35-11428,param,,,*.hostPU2.wlan[0].radio.transmitter.communicationRange,500m,,,,,,,,,
TwoHostIntegratedInCSMA-0-20180512-18:27:35-11428,param,,,*.hostA.wlan[0].radio.receiver.ignoreInterference,false,,,,,,,,,
TwoHostIntegratedInCSMA-0-20180512-18:27:35-11428,param,,,*.hostB.wlan[0].radio.receiver.ignoreInterference,false,,,,,,,,,
TwoHostIntegratedInCSMA-0-20180512-18:27:35-11428,param,,,*.hostPU1.wlan[0].radio.receiver.ignoreInterference,false,,,,,,,,,
TwoHostIntegratedInCSMA-0-20180512-18:27:35-11428,param,,,*.hostPU2.wlan[0].radio.receiver.ignoreInterference,false,,,,,,,,,
TwoHostIntegratedInCSMA-0-20180512-18:27:35-11428,param,,,*.host*.wlan[0].radio.transmitter.interferenceRange,500m,,,,,,,,,
TwoHostIntegratedInCSMA-0-20180512-18:27:35-11428,param,,,WirelessA2.hostPU1.**.bitrate,10Mbps,,,,,,,,,
TwoHostIntegratedInCSMA-0-20180512-18:27:35-11428,param,,,WirelessA2.hostPU2.**.bitrate,10Mbps,,,,,,,,,
TwoHostIntegratedInCSMA-0-20180512-18:27:35-11428,param,,,*.hostPU1.wlan[0].radio.displayCommunicationRange,true,,,,,,,,,
TwoHostIntegratedInCSMA-0-20180512-18:27:35-11428,param,,,*.hostA.wlan[0].mac.useMACAcks,false,,,,,,,,,
TwoHostIntegratedInCSMA-0-20180512-18:27:35-11428,param,,,*.hostB.wlan[0].mac.useMACAcks,false,,,,,,,,,
TwoHostIntegratedInCSMA-0-20180512-18:27:35-11428,param,,,*.host*.wlan[0].typename,"""WirelessNic""",,,,,,,,,
TwoHostIntegratedInCSMA-0-20180512-18:27:35-11428,param,,,*.host*.wlan[0].radioType,"""IdealRadio""",,,,,,,,,
TwoHostIntegratedInCSMA-0-20180512-18:27:35-11428,param,,,*.hostA.wlan[0].macType,"""CSMA""",,,,,,,,,
TwoHostIntegratedInCSMA-0-20180512-18:27:35-11428,param,,,*.hostB.wlan[0].macType,"""CSMA""",,,,,,,,,
TwoHostIntegratedInCSMA-0-20180512-18:27:35-11428,param,,,*.visualizer.physicalLinkVisualizer.displayLinks,true,,,,,,,,,
TwoHostIntegratedInCSMA-0-20180512-18:27:35-11428,param,,,*.visualizer.dataLinkVisualizer.displayLinks,true,,,,,,,,,
TwoHostIntegratedInCSMA-0-20180512-18:27:35-11428,param,,,*.visualizer.networkRouteVisualizer.displayRoutes,true,,,,,,,,,
TwoHostIntegratedInCSMA-0-20180512-18:27:35-11428,param,,,*.visualizer.*LinkVisualizer.lineShift,0,,,,,,,,,
TwoHostIntegratedInCSMA-0-20180512-18:27:35-11428,param,,,*.visualizer.networkRouteVisualizer.lineShift,0,,,,,,,,,
TwoHostIntegratedInCSMA-0-20180512-18:27:35-11428,param,,,*.visualizer.networkRouteVisualizer.packetFilter,"""UDPData*""",,,,,,,,,
TwoHostIntegratedInCSMA-0-20180512-18:27:35-11428,param,,,*.host*.wlan[0].radio.receiver.ignoreInterference,false,,,,,,,,,
TwoHostIntegratedInCSMA-0-20180512-18:27:35-11428,param,,,*.host*.wlan[0].radio.transmitter.interferenceRange,500m,,,,,,,,,
TwoHostIntegratedInCSMA-0-20180512-18:27:35-11428,param,,,*.hostA.wlan[0].radio.displayInterferenceRange,true,,,,,,,,,
TwoHostIntegratedInCSMA-0-20180512-18:27:35-11428,param,,,*.visualizer.dataLinkVisualizer.packetFilter,"""""",,,,,,,,,
TwoHostIntegratedInCSMA-0-20180512-18:27:35-11428,param,,,*.hostA.wlan[0].radio.displayCommunicationRange,true,,,,,,,,,
TwoHostIntegratedInCSMA-0-20180512-18:27:35-11428,param,,,*.visualizer.sceneVisualizer.descriptionFigure,"""title""",,,,,,,,,
TwoHostIntegratedInCSMA-0-20180512-18:27:35-11428,param,,,*.visualizer.mediumVisualizer.displaySignals,true,,,,,,,,,
TwoHostIntegratedInCSMA-0-20180512-18:27:35-11428,param,,,*.visualizer.physicalLinkVisualizer.displayLinks,true,,,,,,,,,
TwoHostIntegratedInCSMA-0-20180512-18:27:35-11428,param,,,*.visualizer.physicalLinkVisualizer.packetFilter,"""UDPData*""",,,,,,,,,
TwoHostIntegratedInCSMA-0-20180512-18:27:35-11428,param,,,*.host*.networkLayer.arpType,"""GlobalARP""",,,,,,,,,
TwoHostIntegratedInCSMA-0-20180512-18:27:35-11428,param,,,*.hostA.numUdpApps,1,,,,,,,,,
TwoHostIntegratedInCSMA-0-20180512-18:27:35-11428,param,,,*.hostA.udpApp[0].typename,"""UDPBasicApp""",,,,,,,,,
TwoHostIntegratedInCSMA-0-20180512-18:27:35-11428,param,,,*.hostA.udpApp[0].destAddresses,"""hostB""",,,,,,,,,
TwoHostIntegratedInCSMA-0-20180512-18:27:35-11428,param,,,*.hostA.udpApp[0].destPort,5000,,,,,,,,,
TwoHostIntegratedInCSMA-0-20180512-18:27:35-11428,param,,,*.hostA.udpApp[0].messageLength,1000B,,,,,,,,,
TwoHostIntegratedInCSMA-0-20180512-18:27:35-11428,param,,,*.hostA.udpApp[0].sendInterval,exponential(2ms),,,,,,,,,
TwoHostIntegratedInCSMA-0-20180512-18:27:35-11428,param,,,*.hostA.udpApp[0].packetName,"""UDPData""",,,,,,,,,
TwoHostIntegratedInCSMA-0-20180512-18:27:35-11428,param,,,*.hostB.numUdpApps,1,,,,,,,,,
TwoHostIntegratedInCSMA-0-20180512-18:27:35-11428,param,,,*.hostB.udpApp[0].typename,"""UDPSink""",,,,,,,,,
TwoHostIntegratedInCSMA-0-20180512-18:27:35-11428,param,,,*.hostB.udpApp[0].localPort,5000,,,,,,,,,
TwoHostIntegratedInCSMA-0-20180512-18:27:35-11428,param,,,*.host*.wlan[0].typename,"""IdealWirelessNic""",,,,,,,,,
TwoHostIntegratedInCSMA-0-20180512-18:27:35-11428,param,,,*.host*.wlan[0].mac.useAck,false,,,,,,,,,
TwoHostIntegratedInCSMA-0-20180512-18:27:35-11428,param,,,*.host*.wlan[0].mac.fullDuplex,false,,,,,,,,,
TwoHostIntegratedInCSMA-0-20180512-18:27:35-11428,param,,,*.host*.wlan[0].radio.transmitter.communicationRange,500m,,,,,,,,,
TwoHostIntegratedInCSMA-0-20180512-18:27:35-11428,param,,,*.host*.wlan[0].radio.receiver.ignoreInterference,true,,,,,,,,,
TwoHostIntegratedInCSMA-0-20180512-18:27:35-11428,param,,,*.host*.**.bitrate,10Mbps,,,,,,,,,
TwoHostIntegratedInCSMA-0-20180512-18:27:35-11428,scalar,WirelessA2.radioMedium.propagation,Arrival computation count,,,48,,,,,,,,
TwoHostIntegratedInCSMA-0-20180512-18:27:35-11428,scalar,WirelessA2.radioMedium,transmission count,,,16,,,,,,,,
TwoHostIntegratedInCSMA-0-20180512-18:27:35-11428,scalar,WirelessA2.radioMedium,radio frame send count,,,48,,,,,,,,
TwoHostIntegratedInCSMA-0-20180512-18:27:35-11428,scalar,WirelessA2.radioMedium,reception computation count,,,45,,,,,,,,
TwoHostIntegratedInCSMA-0-20180512-18:27:35-11428,scalar,WirelessA2.radioMedium,interference computation count,,,133,,,,,,,,
TwoHostIntegratedInCSMA-0-20180512-18:27:35-11428,scalar,WirelessA2.radioMedium,reception decision computation count,,,31,,,,,,,,
TwoHostIntegratedInCSMA-0-20180512-18:27:35-11428,scalar,WirelessA2.radioMedium,listening decision computation count,,,63,,,,,,,,
TwoHostIntegratedInCSMA-0-20180512-18:27:35-11428,scalar,WirelessA2.radioMedium,reception cache hit,,,83.333333333333,,,,,,,,
TwoHostIntegratedInCSMA-0-20180512-18:27:35-11428,attr,WirelessA2.radioMedium,reception cache hit,unit,%,,,,,,,,,
TwoHostIntegratedInCSMA-0-20180512-18:27:35-11428,scalar,WirelessA2.radioMedium,interference cache hit,,,66.666666666667,,,,,,,,
TwoHostIntegratedInCSMA-0-20180512-18:27:35-11428,attr,WirelessA2.radioMedium,interference cache hit,unit,%,,,,,,,,,
TwoHostIntegratedInCSMA-0-20180512-18:27:35-11428,scalar,WirelessA2.radioMedium,noise cache hit,,,0,,,,,,,,
TwoHostIntegratedInCSMA-0-20180512-18:27:35-11428,attr,WirelessA2.radioMedium,noise cache hit,unit,%,,,,,,,,,
TwoHostIntegratedInCSMA-0-20180512-18:27:35-11428,scalar,WirelessA2.radioMedium,snir cache hit,,,50,,,,,,,,
TwoHostIntegratedInCSMA-0-20180512-18:27:35-11428,attr,WirelessA2.radioMedium,snir cache hit,unit,%,,,,,,,,,
TwoHostIntegratedInCSMA-0-20180512-18:27:35-11428,scalar,WirelessA2.radioMedium,reception decision cache hit,,,50,,,,,,,,
TwoHostIntegratedInCSMA-0-20180512-18:27:35-11428,attr,WirelessA2.radioMedium,reception decision cache hit,unit,%,,,,,,,,,
TwoHostIntegratedInCSMA-0-20180512-18:27:35-11428,scalar,WirelessA2.radioMedium,reception result cache hit,,,0,,,,,,,,
TwoHostIntegratedInCSMA-0-20180512-18:27:35-11428,attr,WirelessA2.radioMedium,reception result cache hit,unit,%,,,,,,,,,
TwoHostIntegratedInCSMA-0-20180512-18:27:35-11428,scalar,WirelessA2.hostA.lo0.lo,droppedPkBitError:count,,,0,,,,,,,,
TwoHostIntegratedInCSMA-0-20180512-18:27:35-11428,attr,WirelessA2.hostA.lo0.lo,droppedPkBitError:count,interpolationmode,none,,,,,,,,,
TwoHostIntegratedInCSMA-0-20180512-18:27:35-11428,attr,WirelessA2.hostA.lo0.lo,droppedPkBitError:count,source,dropPkBitError,,,,,,,,,
TwoHostIntegratedInCSMA-0-20180512-18:27:35-11428,attr,WirelessA2.hostA.lo0.lo,droppedPkBitError:count,title,"packets dropped/bit error, count",,,,,,,,,
TwoHostIntegratedInCSMA-0-20180512-18:27:35-11428,scalar,WirelessA2.hostA.lo0.lo,droppedPkBitError:sum(packetBytes),,,0,,,,,,,,
TwoHostIntegratedInCSMA-0-20180512-18:27:35-11428,attr,WirelessA2.hostA.lo0.lo,droppedPkBitError:sum(packetBytes),interpolationmode,none,,,,,,,,,
TwoHostIntegratedInCSMA-0-20180512-18:27:35-11428,attr,WirelessA2.hostA.lo0.lo,droppedPkBitError:sum(packetBytes),source,dropPkBitError,,,,,,,,,
TwoHostIntegratedInCSMA-0-20180512-18:27:35-11428,attr,WirelessA2.hostA.lo0.lo,droppedPkBitError:sum(packetBytes),title,"packets dropped/bit error, sum(packetBytes)",,,,,,,,,
TwoHostIntegratedInCSMA-0-20180512-18:27:35-11428,scalar,WirelessA2.hostA.lo0.lo,rcvdPkFromHL:count,,,0,,,,,,,,
TwoHostIntegratedInCSMA-0-20180512-18:27:35-11428,attr,WirelessA2.hostA.lo0.lo,rcvdPkFromHL:count,interpolationmode,none,,,,,,,,,
TwoHostIntegratedInCSMA-0-20180512-18:27:35-11428,attr,WirelessA2.hostA.lo0.lo,rcvdPkFromHL:count,source,packetReceivedFromUpper,,,,,,,,,
TwoHostIntegratedInCSMA-0-20180512-18:27:35-11428,attr,WirelessA2.hostA.lo0.lo,rcvdPkFromHL:count,title,"packets received from higher layer, count",,,,,,,,,
TwoHostIntegratedInCSMA-0-20180512-18:27:35-11428,scalar,WirelessA2.hostA.lo0.lo,rcvdPkFromHL:sum(packetBytes),,,0,,,,,,,,
TwoHostIntegratedInCSMA-0-20180512-18:27:35-11428,attr,WirelessA2.hostA.lo0.lo,rcvdPkFromHL:sum(packetBytes),interpolationmode,none,,,,,,,,,
TwoHostIntegratedInCSMA-0-20180512-18:27:35-11428,attr,WirelessA2.hostA.lo0.lo,rcvdPkFromHL:sum(packetBytes),source,packetReceivedFromUpper,,,,,,,,,
TwoHostIntegratedInCSMA-0-20180512-18:27:35-11428,attr,WirelessA2.hostA.lo0.lo,rcvdPkFromHL:sum(packetBytes),title,"packets received from higher layer, sum(packetBytes)",,,,,,,,,
TwoHostIntegratedInCSMA-0-20180512-18:27:35-11428,scalar,WirelessA2.hostA.lo0.lo,passedUpPk:count,,,0,,,,,,,,
TwoHostIntegratedInCSMA-0-20180512-18:27:35-11428,attr,WirelessA2.hostA.lo0.lo,passedUpPk:count,interpolationmode,none,,,,,,,,,
TwoHostIntegratedInCSMA-0-20180512-18:27:35-11428,attr,WirelessA2.hostA.lo0.lo,passedUpPk:count,source,packetSentToUpper,,,,,,,,,
TwoHostIntegratedInCSMA-0-20180512-18:27:35-11428,attr,WirelessA2.hostA.lo0.lo,passedUpPk:count,title,"packets passed to higher layer, count",,,,,,,,,
TwoHostIntegratedInCSMA-0-20180512-18:27:35-11428,scalar,WirelessA2.hostA.lo0.lo,passedUpPk:sum(packetBytes),,,0,,,,,,,,
TwoHostIntegratedInCSMA-0-20180512-18:27:35-11428,attr,WirelessA2.hostA.lo0.lo,passedUpPk:sum(packetBytes),interpolationmode,none,,,,,,,,,
TwoHostIntegratedInCSMA-0-20180512-18:27:35-11428,attr,WirelessA2.hostA.lo0.lo,passedUpPk:sum(packetBytes),source,packetSentToUpper,,,,,,,,,
TwoHostIntegratedInCSMA-0-20180512-18:27:35-11428,attr,WirelessA2.hostA.lo0.lo,passedUpPk:sum(packetBytes),title,"packets passed to higher layer, sum(packetBytes)",,,,,,,,,
TwoHostIntegratedInCSMA-0-20180512-18:27:35-11428,scalar,WirelessA2.hostA.wlan[0].mac,nbTxFrames,,,6,,,,,,,,
TwoHostIntegratedInCSMA-0-20180512-18:27:35-11428,scalar,WirelessA2.hostA.wlan[0].mac,nbRxFrames,,,0,,,,,,,,
TwoHostIntegratedInCSMA-0-20180512-18:27:35-11428,scalar,WirelessA2.hostA.wlan[0].mac,nbDroppedFrames,,,0,,,,,,,,
TwoHostIntegratedInCSMA-0-20180512-18:27:35-11428,scalar,WirelessA2.hostA.wlan[0].mac,nbMissedAcks,,,0,,,,,,,,
TwoHostIntegratedInCSMA-0-20180512-18:27:35-11428,scalar,WirelessA2.hostA.wlan[0].mac,nbRecvdAcks,,,0,,,,,,,,
TwoHostIntegratedInCSMA-0-20180512-18:27:35-11428,scalar,WirelessA2.hostA.wlan[0].mac,nbTxAcks,,,0,,,,,,,,
TwoHostIntegratedInCSMA-0-20180512-18:27:35-11428,scalar,WirelessA2.hostA.wlan[0].mac,nbDuplicates,,,0,,,,,,,,
TwoHostIntegratedInCSMA-0-20180512-18:27:35-11428,scalar,WirelessA2.hostA.wlan[0].mac,meanBackoff,,,0.00067555555555556,,,,,,,,
TwoHostIntegratedInCSMA-0-20180512-18:27:35-11428,scalar,WirelessA2.hostA.wlan[0].mac,nbBackoffs,,,9,,,,,,,,
TwoHostIntegratedInCSMA-0-20180512-18:27:35-11428,scalar,WirelessA2.hostA.wlan[0].mac,backoffDurations,,,0.00608,,,,,,,,
TwoHostIntegratedInCSMA-0-20180512-18:27:35-11428,scalar,WirelessA2.hostA.wlan[0].radio,transmissionState:count,,,22,,,,,,,,
TwoHostIntegratedInCSMA-0-20180512-18:27:35-11428,attr,WirelessA2.hostA.wlan[0].radio,transmissionState:count,interpolationmode,sample-hold,,,,,,,,,
TwoHostIntegratedInCSMA-0-20180512-18:27:35-11428,attr,WirelessA2.hostA.wlan[0].radio,transmissionState:count,source,transmissionStateChanged,,,,,,,,,
TwoHostIntegratedInCSMA-0-20180512-18:27:35-11428,attr,WirelessA2.hostA.wlan[0].radio,transmissionState:count,title,"Radio transmission state, count",,,,,,,,,
TwoHostIntegratedInCSMA-0-20180512-18:27:35-11428,scalar,WirelessA2.hostA.wlan[0].radio,receptionState:count,,,28,,,,,,,,
TwoHostIntegratedInCSMA-0-20180512-18:27:35-11428,attr,WirelessA2.hostA.wlan[0].radio,receptionState:count,interpolationmode,sample-hold,,,,,,,,,
TwoHostIntegratedInCSMA-0-20180512-18:27:35-11428,attr,WirelessA2.hostA.wlan[0].radio,receptionState:count,source,receptionStateChanged,,,,,,,,,
TwoHostIntegratedInCSMA-0-20180512-18:27:35-11428,attr,WirelessA2.hostA.wlan[0].radio,receptionState:count,title,"Radio reception state, count",,,,,,,,,
TwoHostIntegratedInCSMA-0-20180512-18:27:35-11428,scalar,WirelessA2.hostA.wlan[0].radio,radioMode:count,,,13,,,,,,,,
TwoHostIntegratedInCSMA-0-20180512-18:27:35-11428,attr,WirelessA2.hostA.wlan[0].radio,radioMode:count,interpolationmode,sample-hold,,,,,,,,,
TwoHostIntegratedInCSMA-0-20180512-18:27:35-11428,attr,WirelessA2.hostA.wlan[0].radio,radioMode:count,source,radioModeChanged,,,,,,,,,
TwoHostIntegratedInCSMA-0-20180512-18:27:35-11428,attr,WirelessA2.hostA.wlan[0].radio,radioMode:count,title,"Radio mode, count",,,,,,,,,
TwoHostIntegratedInCSMA-0-20180512-18:27:35-11428,scalar,WirelessA2.hostA.udpApp[0],packets sent,,,9,,,,,,,,
TwoHostIntegratedInCSMA-0-20180512-18:27:35-11428,scalar,WirelessA2.hostA.udpApp[0],packets received,,,0,,,,,,,,
TwoHostIntegratedInCSMA-0-20180512-18:27:35-11428,scalar,WirelessA2.hostA.udpApp[0],sentPk:count,,,9,,,,,,,,
TwoHostIntegratedInCSMA-0-20180512-18:27:35-11428,attr,WirelessA2.hostA.udpApp[0],sentPk:count,interpolationmode,none,,,,,,,,,
TwoHostIntegratedInCSMA-0-20180512-18:27:35-11428,attr,WirelessA2.hostA.udpApp[0],sentPk:count,source,sentPk,,,,,,,,,
TwoHostIntegratedInCSMA-0-20180512-18:27:35-11428,attr,WirelessA2.hostA.udpApp[0],sentPk:count,title,"packets sent, count",,,,,,,,,
TwoHostIntegratedInCSMA-0-20180512-18:27:35-11428,scalar,WirelessA2.hostA.udpApp[0],sentPk:sum(packetBytes),,,9000,,,,,,,,
TwoHostIntegratedInCSMA-0-20180512-18:27:35-11428,attr,WirelessA2.hostA.udpApp[0],sentPk:sum(packetBytes),interpolationmode,none,,,,,,,,,
TwoHostIntegratedInCSMA-0-20180512-18:27:35-11428,attr,WirelessA2.hostA.udpApp[0],sentPk:sum(packetBytes),source,sentPk,,,,,,,,,
TwoHostIntegratedInCSMA-0-20180512-18:27:35-11428,attr,WirelessA2.hostA.udpApp[0],sentPk:sum(packetBytes),title,"packets sent, sum(packetBytes)",,,,,,,,,
TwoHostIntegratedInCSMA-0-20180512-18:27:35-11428,scalar,WirelessA2.hostA.udpApp[0],rcvdPk:count,,,0,,,,,,,,
TwoHostIntegratedInCSMA-0-20180512-18:27:35-11428,attr,WirelessA2.hostA.udpApp[0],rcvdPk:count,interpolationmode,none,,,,,,,,,
TwoHostIntegratedInCSMA-0-20180512-18:27:35-11428,attr,WirelessA2.hostA.udpApp[0],rcvdPk:count,source,rcvdPk,,,,,,,,,
TwoHostIntegratedInCSMA-0-20180512-18:27:35-11428,attr,WirelessA2.hostA.udpApp[0],rcvdPk:count,title,"packets received, count",,,,,,,,,
TwoHostIntegratedInCSMA-0-20180512-18:27:35-11428,scalar,WirelessA2.hostA.udpApp[0],rcvdPk:sum(packetBytes),,,0,,,,,,,,
TwoHostIntegratedInCSMA-0-20180512-18:27:35-11428,attr,WirelessA2.hostA.udpApp[0],rcvdPk:sum(packetBytes),interpolationmode,none,,,,,,,,,
TwoHostIntegratedInCSMA-0-20180512-18:27:35-11428,attr,WirelessA2.hostA.udpApp[0],rcvdPk:sum(packetBytes),source,rcvdPk,,,,,,,,,
TwoHostIntegratedInCSMA-0-20180512-18:27:35-11428,attr,WirelessA2.hostA.udpApp[0],rcvdPk:sum(packetBytes),title,"packets received, sum(packetBytes)",,,,,,,,,
TwoHostIntegratedInCSMA-0-20180512-18:27:35-11428,scalar,WirelessA2.hostA.udp,droppedPkBadChecksum:count,,,0,,,,,,,,
TwoHostIntegratedInCSMA-0-20180512-18:27:35-11428,attr,WirelessA2.hostA.udp,droppedPkBadChecksum:count,interpolationmode,none,,,,,,,,,
TwoHostIntegratedInCSMA-0-20180512-18:27:35-11428,attr,WirelessA2.hostA.udp,droppedPkBadChecksum:count,title,"packets dropped (checksum error), count",,,,,,,,,
TwoHostIntegratedInCSMA-0-20180512-18:27:35-11428,scalar,WirelessA2.hostA.udp,droppedPkWrongPort:count,,,0,,,,,,,,
TwoHostIntegratedInCSMA-0-20180512-18:27:35-11428,attr,WirelessA2.hostA.udp,droppedPkWrongPort:count,interpolationmode,none,,,,,,,,,
TwoHostIntegratedInCSMA-0-20180512-18:27:35-11428,attr,WirelessA2.hostA.udp,droppedPkWrongPort:count,title,"packets dropped (wrong port), count",,,,,,,,,
TwoHostIntegratedInCSMA-0-20180512-18:27:35-11428,scalar,WirelessA2.hostA.udp,passedUpPk:count,,,0,,,,,,,,
TwoHostIntegratedInCSMA-0-20180512-18:27:35-11428,attr,WirelessA2.hostA.udp,passedUpPk:count,interpolationmode,none,,,,,,,,,
TwoHostIntegratedInCSMA-0-20180512-18:27:35-11428,attr,WirelessA2.hostA.udp,passedUpPk:count,title,"packets passed up, count",,,,,,,,,
TwoHostIntegratedInCSMA-0-20180512-18:27:35-11428,scalar,WirelessA2.hostA.udp,sentPk:count,,,9,,,,,,,,
TwoHostIntegratedInCSMA-0-20180512-18:27:35-11428,attr,WirelessA2.hostA.udp,sentPk:count,interpolationmode,none,,,,,,,,,
TwoHostIntegratedInCSMA-0-20180512-18:27:35-11428,attr,WirelessA2.hostA.udp,sentPk:count,source,sentPk,,,,,,,,,
TwoHostIntegratedInCSMA-0-20180512-18:27:35-11428,attr,WirelessA2.hostA.udp,sentPk:count,title,"packets sent, count",,,,,,,,,
TwoHostIntegratedInCSMA-0-20180512-18:27:35-11428,scalar,WirelessA2.hostA.udp,sentPk:sum(packetBytes),,,9072,,,,,,,,
TwoHostIntegratedInCSMA-0-20180512-18:27:35-11428,attr,WirelessA2.hostA.udp,sentPk:sum(packetBytes),interpolationmode,none,,,,,,,,,
TwoHostIntegratedInCSMA-0-20180512-18:27:35-11428,attr,WirelessA2.hostA.udp,sentPk:sum(packetBytes),source,sentPk,,,,,,,,,
TwoHostIntegratedInCSMA-0-20180512-18:27:35-11428,attr,WirelessA2.hostA.udp,sentPk:sum(packetBytes),title,"packets sent, sum(packetBytes)",,,,,,,,,
TwoHostIntegratedInCSMA-0-20180512-18:27:35-11428,scalar,WirelessA2.hostA.udp,rcvdPk:count,,,0,,,,,,,,
TwoHostIntegratedInCSMA-0-20180512-18:27:35-11428,attr,WirelessA2.hostA.udp,rcvdPk:count,interpolationmode,none,,,,,,,,,
TwoHostIntegratedInCSMA-0-20180512-18:27:35-11428,attr,WirelessA2.hostA.udp,rcvdPk:count,source,rcvdPk,,,,,,,,,
TwoHostIntegratedInCSMA-0-20180512-18:27:35-11428,attr,WirelessA2.hostA.udp,rcvdPk:count,title,"packets received, count",,,,,,,,,
TwoHostIntegratedInCSMA-0-20180512-18:27:35-11428,scalar,WirelessA2.hostA.udp,rcvdPk:sum(packetBytes),,,0,,,,,,,,
TwoHostIntegratedInCSMA-0-20180512-18:27:35-11428,attr,WirelessA2.hostA.udp,rcvdPk:sum(packetBytes),interpolationmode,none,,,,,,,,,
TwoHostIntegratedInCSMA-0-20180512-18:27:35-11428,attr,WirelessA2.hostA.udp,rcvdPk:sum(packetBytes),source,rcvdPk,,,,,,,,,
TwoHostIntegratedInCSMA-0-20180512-18:27:35-11428,attr,WirelessA2.hostA.udp,rcvdPk:sum(packetBytes),title,"packets received, sum(packetBytes)",,,,,,,,,
TwoHostIntegratedInCSMA-0-20180512-18:27:35-11428,scalar,WirelessA2.hostB.lo0.lo,droppedPkBitError:count,,,0,,,,,,,,
TwoHostIntegratedInCSMA-0-20180512-18:27:35-11428,attr,WirelessA2.hostB.lo0.lo,droppedPkBitError:count,interpolationmode,none,,,,,,,,,
TwoHostIntegratedInCSMA-0-20180512-18:27:35-11428,attr,WirelessA2.hostB.lo0.lo,droppedPkBitError:count,source,dropPkBitError,,,,,,,,,
TwoHostIntegratedInCSMA-0-20180512-18:27:35-11428,attr,WirelessA2.hostB.lo0.lo,droppedPkBitError:count,title,"packets dropped/bit error, count",,,,,,,,,
TwoHostIntegratedInCSMA-0-20180512-18:27:35-11428,scalar,WirelessA2.hostB.lo0.lo,droppedPkBitError:sum(packetBytes),,,0,,,,,,,,
TwoHostIntegratedInCSMA-0-20180512-18:27:35-11428,attr,WirelessA2.hostB.lo0.lo,droppedPkBitError:sum(packetBytes),interpolationmode,none,,,,,,,,,
TwoHostIntegratedInCSMA-0-20180512-18:27:35-11428,attr,WirelessA2.hostB.lo0.lo,droppedPkBitError:sum(packetBytes),source,dropPkBitError,,,,,,,,,
TwoHostIntegratedInCSMA-0-20180512-18:27:35-11428,attr,WirelessA2.hostB.lo0.lo,droppedPkBitError:sum(packetBytes),title,"packets dropped/bit error, sum(packetBytes)",,,,,,,,,
TwoHostIntegratedInCSMA-0-20180512-18:27:35-11428,scalar,WirelessA2.hostB.lo0.lo,rcvdPkFromHL:count,,,0,,,,,,,,
TwoHostIntegratedInCSMA-0-20180512-18:27:35-11428,attr,WirelessA2.hostB.lo0.lo,rcvdPkFromHL:count,interpolationmode,none,,,,,,,,,
TwoHostIntegratedInCSMA-0-20180512-18:27:35-11428,attr,WirelessA2.hostB.lo0.lo,rcvdPkFromHL:count,source,packetReceivedFromUpper,,,,,,,,,
TwoHostIntegratedInCSMA-0-20180512-18:27:35-11428,attr,WirelessA2.hostB.lo0.lo,rcvdPkFromHL:count,title,"packets received from higher layer, count",,,,,,,,,
TwoHostIntegratedInCSMA-0-20180512-18:27:35-11428,scalar,WirelessA2.hostB.lo0.lo,rcvdPkFromHL:sum(packetBytes),,,0,,,,,,,,
TwoHostIntegratedInCSMA-0-20180512-18:27:35-11428,attr,WirelessA2.hostB.lo0.lo,rcvdPkFromHL:sum(packetBytes),interpolationmode,none,,,,,,,,,
TwoHostIntegratedInCSMA-0-20180512-18:27:35-11428,attr,WirelessA2.hostB.lo0.lo,rcvdPkFromHL:sum(packetBytes),source,packetReceivedFromUpper,,,,,,,,,
TwoHostIntegratedInCSMA-0-20180512-18:27:35-11428,attr,WirelessA2.hostB.lo0.lo,rcvdPkFromHL:sum(packetBytes),title,"packets received from higher layer, sum(packetBytes)",,,,,,,,,
TwoHostIntegratedInCSMA-0-20180512-18:27:35-11428,scalar,WirelessA2.hostB.lo0.lo,passedUpPk:count,,,0,,,,,,,,
TwoHostIntegratedInCSMA-0-20180512-18:27:35-11428,attr,WirelessA2.hostB.lo0.lo,passedUpPk:count,interpolationmode,none,,,,,,,,,
TwoHostIntegratedInCSMA-0-20180512-18:27:35-11428,attr,WirelessA2.hostB.lo0.lo,passedUpPk:count,source,packetSentToUpper,,,,,,,,,
TwoHostIntegratedInCSMA-0-20180512-18:27:35-11428,attr,WirelessA2.hostB.lo0.lo,passedUpPk:count,title,"packets passed to higher layer, count",,,,,,,,,
TwoHostIntegratedInCSMA-0-20180512-18:27:35-11428,scalar,WirelessA2.hostB.lo0.lo,passedUpPk:sum(packetBytes),,,0,,,,,,,,
TwoHostIntegratedInCSMA-0-20180512-18:27:35-11428,attr,WirelessA2.hostB.lo0.lo,passedUpPk:sum(packetBytes),interpolationmode,none,,,,,,,,,
TwoHostIntegratedInCSMA-0-20180512-18:27:35-11428,attr,WirelessA2.hostB.lo0.lo,passedUpPk:sum(packetBytes),source,packetSentToUpper,,,,,,,,,
TwoHostIntegratedInCSMA-0-20180512-18:27:35-11428,attr,WirelessA2.hostB.lo0.lo,passedUpPk:sum(packetBytes),title,"packets passed to higher layer, sum(packetBytes)",,,,,,,,,
TwoHostIntegratedInCSMA-0-20180512-18:27:35-11428,scalar,WirelessA2.hostB.wlan[0].mac,nbTxFrames,,,0,,,,,,,,
TwoHostIntegratedInCSMA-0-20180512-18:27:35-11428,scalar,WirelessA2.hostB.wlan[0].mac,nbRxFrames,,,2,,,,,,,,
TwoHostIntegratedInCSMA-0-20180512-18:27:35-11428,scalar,WirelessA2.hostB.wlan[0].mac,nbDroppedFrames,,,0,,,,,,,,
TwoHostIntegratedInCSMA-0-20180512-18:27:35-11428,scalar,WirelessA2.hostB.wlan[0].mac,nbMissedAcks,,,0,,,,,,,,
TwoHostIntegratedInCSMA-0-20180512-18:27:35-11428,scalar,WirelessA2.hostB.wlan[0].mac,nbRecvdAcks,,,0,,,,,,,,
TwoHostIntegratedInCSMA-0-20180512-18:27:35-11428,scalar,WirelessA2.hostB.wlan[0].mac,nbTxAcks,,,0,,,,,,,,
TwoHostIntegratedInCSMA-0-20180512-18:27:35-11428,scalar,WirelessA2.hostB.wlan[0].mac,nbDuplicates,,,0,,,,,,,,
TwoHostIntegratedInCSMA-0-20180512-18:27:35-11428,scalar,WirelessA2.hostB.wlan[0].mac,meanBackoff,,,0,,,,,,,,
TwoHostIntegratedInCSMA-0-20180512-18:27:35-11428,scalar,WirelessA2.hostB.wlan[0].mac,nbBackoffs,,,0,,,,,,,,
TwoHostIntegratedInCSMA-0-20180512-18:27:35-11428,scalar,WirelessA2.hostB.wlan[0].mac,backoffDurations,,,0,,,,,,,,
TwoHostIntegratedInCSMA-0-20180512-18:27:35-11428,scalar,WirelessA2.hostB.wlan[0].radio,transmissionState:count,,,0,,,,,,,,
TwoHostIntegratedInCSMA-0-20180512-18:27:35-11428,attr,WirelessA2.hostB.wlan[0].radio,transmissionState:count,interpolationmode,sample-hold,,,,,,,,,
TwoHostIntegratedInCSMA-0-20180512-18:27:35-11428,attr,WirelessA2.hostB.wlan[0].radio,transmissionState:count,source,transmissionStateChanged,,,,,,,,,
TwoHostIntegratedInCSMA-0-20180512-18:27:35-11428,attr,WirelessA2.hostB.wlan[0].radio,transmissionState:count,title,"Radio transmission state, count",,,,,,,,,
TwoHostIntegratedInCSMA-0-20180512-18:27:35-11428,scalar,WirelessA2.hostB.wlan[0].radio,receptionState:count,,,28,,,,,,,,
TwoHostIntegratedInCSMA-0-20180512-18:27:35-11428,attr,WirelessA2.hostB.wlan[0].radio,receptionState:count,interpolationmode,sample-hold,,,,,,,,,
TwoHostIntegratedInCSMA-0-20180512-18:27:35-11428,attr,WirelessA2.hostB.wlan[0].radio,receptionState:count,source,receptionStateChanged,,,,,,,,,
TwoHostIntegratedInCSMA-0-20180512-18:27:35-11428,attr,WirelessA2.hostB.wlan[0].radio,receptionState:count,title,"Radio reception state, count",,,,,,,,,
TwoHostIntegratedInCSMA-0-20180512-18:27:35-11428,scalar,WirelessA2.hostB.wlan[0].radio,radioMode:count,,,2,,,,,,,,
TwoHostIntegratedInCSMA-0-20180512-18:27:35-11428,attr,WirelessA2.hostB.wlan[0].radio,radioMode:count,interpolationmode,sample-hold,,,,,,,,,
TwoHostIntegratedInCSMA-0-20180512-18:27:35-11428,attr,WirelessA2.hostB.wlan[0].radio,radioMode:count,source,radioModeChanged,,,,,,,,,
TwoHostIntegratedInCSMA-0-20180512-18:27:35-11428,attr,WirelessA2.hostB.wlan[0].radio,radioMode:count,title,"Radio mode, count",,,,,,,,,
TwoHostIntegratedInCSMA-0-20180512-18:27:35-11428,scalar,WirelessA2.hostB.udpApp[0],rcvdPk:count,,,2,,,,,,,,
TwoHostIntegratedInCSMA-0-20180512-18:27:35-11428,attr,WirelessA2.hostB.udpApp[0],rcvdPk:count,interpolationmode,none,,,,,,,,,
TwoHostIntegratedInCSMA-0-20180512-18:27:35-11428,attr,WirelessA2.hostB.udpApp[0],rcvdPk:count,source,rcvdPk,,,,,,,,,
TwoHostIntegratedInCSMA-0-20180512-18:27:35-11428,attr,WirelessA2.hostB.udpApp[0],rcvdPk:count,title,"packets received, count",,,,,,,,,
TwoHostIntegratedInCSMA-0-20180512-18:27:35-11428,scalar,WirelessA2.hostB.udpApp[0],rcvdPk:sum(packetBytes),,,2000,,,,,,,,
TwoHostIntegratedInCSMA-0-20180512-18:27:35-11428,attr,WirelessA2.hostB.udpApp[0],rcvdPk:sum(packetBytes),interpolationmode,none,,,,,,,,,
TwoHostIntegratedInCSMA-0-20180512-18:27:35-11428,attr,WirelessA2.hostB.udpApp[0],rcvdPk:sum(packetBytes),source,rcvdPk,,,,,,,,,
TwoHostIntegratedInCSMA-0-20180512-18:27:35-11428,attr,WirelessA2.hostB.udpApp[0],rcvdPk:sum(packetBytes),title,"packets received, sum(packetBytes)",,,,,,,,,
TwoHostIntegratedInCSMA-0-20180512-18:27:35-11428,scalar,WirelessA2.hostB.udp,droppedPkBadChecksum:count,,,0,,,,,,,,
TwoHostIntegratedInCSMA-0-20180512-18:27:35-11428,attr,WirelessA2.hostB.udp,droppedPkBadChecksum:count,interpolationmode,none,,,,,,,,,
TwoHostIntegratedInCSMA-0-20180512-18:27:35-11428,attr,WirelessA2.hostB.udp,droppedPkBadChecksum:count,title,"packets dropped (checksum error), count",,,,,,,,,
TwoHostIntegratedInCSMA-0-20180512-18:27:35-11428,scalar,WirelessA2.hostB.udp,droppedPkWrongPort:count,,,0,,,,,,,,
TwoHostIntegratedInCSMA-0-20180512-18:27:35-11428,attr,WirelessA2.hostB.udp,droppedPkWrongPort:count,interpolationmode,none,,,,,,,,,
TwoHostIntegratedInCSMA-0-20180512-18:27:35-11428,attr,WirelessA2.hostB.udp,droppedPkWrongPort:count,title,"packets dropped (wrong port), count",,,,,,,,,
TwoHostIntegratedInCSMA-0-20180512-18:27:35-11428,scalar,WirelessA2.hostB.udp,passedUpPk:count,,,2,,,,,,,,
TwoHostIntegratedInCSMA-0-20180512-18:27:35-11428,attr,WirelessA2.hostB.udp,passedUpPk:count,interpolationmode,none,,,,,,,,,
TwoHostIntegratedInCSMA-0-20180512-18:27:35-11428,attr,WirelessA2.hostB.udp,passedUpPk:count,title,"packets passed up, count",,,,,,,,,
TwoHostIntegratedInCSMA-0-20180512-18:27:35-11428,scalar,WirelessA2.hostB.udp,sentPk:count,,,0,,,,,,,,
TwoHostIntegratedInCSMA-0-20180512-18:27:35-11428,attr,WirelessA2.hostB.udp,sentPk:count,interpolationmode,none,,,,,,,,,
TwoHostIntegratedInCSMA-0-20180512-18:27:35-11428,attr,WirelessA2.hostB.udp,sentPk:count,source,sentPk,,,,,,,,,
TwoHostIntegratedInCSMA-0-20180512-18:27:35-11428,attr,WirelessA2.hostB.udp,sentPk:count,title,"packets sent, count",,,,,,,,,
TwoHostIntegratedInCSMA-0-20180512-18:27:35-11428,scalar,WirelessA2.hostB.udp,sentPk:sum(packetBytes),,,0,,,,,,,,
TwoHostIntegratedInCSMA-0-20180512-18:27:35-11428,attr,WirelessA2.hostB.udp,sentPk:sum(packetBytes),interpolationmode,none,,,,,,,,,
TwoHostIntegratedInCSMA-0-20180512-18:27:35-11428,attr,WirelessA2.hostB.udp,sentPk:sum(packetBytes),source,sentPk,,,,,,,,,
TwoHostIntegratedInCSMA-0-20180512-18:27:35-11428,attr,WirelessA2.hostB.udp,sentPk:sum(packetBytes),title,"packets sent, sum(packetBytes)",,,,,,,,,
TwoHostIntegratedInCSMA-0-20180512-18:27:35-11428,scalar,WirelessA2.hostB.udp,rcvdPk:count,,,2,,,,,,,,
TwoHostIntegratedInCSMA-0-20180512-18:27:35-11428,attr,WirelessA2.hostB.udp,rcvdPk:count,interpolationmode,none,,,,,,,,,
TwoHostIntegratedInCSMA-0-20180512-18:27:35-11428,attr,WirelessA2.hostB.udp,rcvdPk:count,source,rcvdPk,,,,,,,,,
TwoHostIntegratedInCSMA-0-20180512-18:27:35-11428,attr,WirelessA2.hostB.udp,rcvdPk:count,title,"packets received, count",,,,,,,,,
TwoHostIntegratedInCSMA-0-20180512-18:27:35-11428,scalar,WirelessA2.hostB.udp,rcvdPk:sum(packetBytes),,,2016,,,,,,,,
TwoHostIntegratedInCSMA-0-20180512-18:27:35-11428,attr,WirelessA2.hostB.udp,rcvdPk:sum(packetBytes),interpolationmode,none,,,,,,,,,
TwoHostIntegratedInCSMA-0-20180512-18:27:35-11428,attr,WirelessA2.hostB.udp,rcvdPk:sum(packetBytes),source,rcvdPk,,,,,,,,,
TwoHostIntegratedInCSMA-0-20180512-18:27:35-11428,attr,WirelessA2.hostB.udp,rcvdPk:sum(packetBytes),title,"packets received, sum(packetBytes)",,,,,,,,,
TwoHostIntegratedInCSMA-0-20180512-18:27:35-11428,scalar,WirelessA2.hostPU1.lo0.lo,droppedPkBitError:count,,,0,,,,,,,,
TwoHostIntegratedInCSMA-0-20180512-18:27:35-11428,attr,WirelessA2.hostPU1.lo0.lo,droppedPkBitError:count,interpolationmode,none,,,,,,,,,
TwoHostIntegratedInCSMA-0-20180512-18:27:35-11428,attr,WirelessA2.hostPU1.lo0.lo,droppedPkBitError:count,source,dropPkBitError,,,,,,,,,
TwoHostIntegratedInCSMA-0-20180512-18:27:35-11428,attr,WirelessA2.hostPU1.lo0.lo,droppedPkBitError:count,title,"packets dropped/bit error, count",,,,,,,,,
TwoHostIntegratedInCSMA-0-20180512-18:27:35-11428,scalar,WirelessA2.hostPU1.lo0.lo,droppedPkBitError:sum(packetBytes),,,0,,,,,,,,
TwoHostIntegratedInCSMA-0-20180512-18:27:35-11428,attr,WirelessA2.hostPU1.lo0.lo,droppedPkBitError:sum(packetBytes),interpolationmode,none,,,,,,,,,
TwoHostIntegratedInCSMA-0-20180512-18:27:35-11428,attr,WirelessA2.hostPU1.lo0.lo,droppedPkBitError:sum(packetBytes),source,dropPkBitError,,,,,,,,,
TwoHostIntegratedInCSMA-0-20180512-18:27:35-11428,attr,WirelessA2.hostPU1.lo0.lo,droppedPkBitError:sum(packetBytes),title,"packets dropped/bit error, sum(packetBytes)",,,,,,,,,
TwoHostIntegratedInCSMA-0-20180512-18:27:35-11428,scalar,WirelessA2.hostPU1.lo0.lo,rcvdPkFromHL:count,,,0,,,,,,,,
TwoHostIntegratedInCSMA-0-20180512-18:27:35-11428,attr,WirelessA2.hostPU1.lo0.lo,rcvdPkFromHL:count,interpolationmode,none,,,,,,,,,
TwoHostIntegratedInCSMA-0-20180512-18:27:35-11428,attr,WirelessA2.hostPU1.lo0.lo,rcvdPkFromHL:count,source,packetReceivedFromUpper,,,,,,,,,
TwoHostIntegratedInCSMA-0-20180512-18:27:35-11428,attr,WirelessA2.hostPU1.lo0.lo,rcvdPkFromHL:count,title,"packets received from higher layer, count",,,,,,,,,
TwoHostIntegratedInCSMA-0-20180512-18:27:35-11428,scalar,WirelessA2.hostPU1.lo0.lo,rcvdPkFromHL:sum(packetBytes),,,0,,,,,,,,
TwoHostIntegratedInCSMA-0-20180512-18:27:35-11428,attr,WirelessA2.hostPU1.lo0.lo,rcvdPkFromHL:sum(packetBytes),interpolationmode,none,,,,,,,,,
TwoHostIntegratedInCSMA-0-20180512-18:27:35-11428,attr,WirelessA2.hostPU1.lo0.lo,rcvdPkFromHL:sum(packetBytes),source,packetReceivedFromUpper,,,,,,,,,
TwoHostIntegratedInCSMA-0-20180512-18:27:35-11428,attr,WirelessA2.hostPU1.lo0.lo,rcvdPkFromHL:sum(packetBytes),title,"packets received from higher layer, sum(packetBytes)",,,,,,,,,
TwoHostIntegratedInCSMA-0-20180512-18:27:35-11428,scalar,WirelessA2.hostPU1.lo0.lo,passedUpPk:count,,,0,,,,,,,,
TwoHostIntegratedInCSMA-0-20180512-18:27:35-11428,attr,WirelessA2.hostPU1.lo0.lo,passedUpPk:count,interpolationmode,none,,,,,,,,,
TwoHostIntegratedInCSMA-0-20180512-18:27:35-11428,attr,WirelessA2.hostPU1.lo0.lo,passedUpPk:count,source,packetSentToUpper,,,,,,,,,
TwoHostIntegratedInCSMA-0-20180512-18:27:35-11428,attr,WirelessA2.hostPU1.lo0.lo,passedUpPk:count,title,"packets passed to higher layer, count",,,,,,,,,
TwoHostIntegratedInCSMA-0-20180512-18:27:35-11428,scalar,WirelessA2.hostPU1.lo0.lo,passedUpPk:sum(packetBytes),,,0,,,,,,,,
TwoHostIntegratedInCSMA-0-20180512-18:27:35-11428,attr,WirelessA2.hostPU1.lo0.lo,passedUpPk:sum(packetBytes),interpolationmode,none,,,,,,,,,
TwoHostIntegratedInCSMA-0-20180512-18:27:35-11428,attr,WirelessA2.hostPU1.lo0.lo,passedUpPk:sum(packetBytes),source,packetSentToUpper,,,,,,,,,
TwoHostIntegratedInCSMA-0-20180512-18:27:35-11428,attr,WirelessA2.hostPU1.lo0.lo,passedUpPk:sum(packetBytes),title,"packets passed to higher layer, sum(packetBytes)",,,,,,,,,
TwoHostIntegratedInCSMA-0-20180512-18:27:35-11428,scalar,WirelessA2.hostPU1.wlan[0].mac,nbTxFrames,,,10,,,,,,,,
TwoHostIntegratedInCSMA-0-20180512-18:27:35-11428,scalar,WirelessA2.hostPU1.wlan[0].mac,nbRxFrames,,,0,,,,,,,,
TwoHostIntegratedInCSMA-0-20180512-18:27:35-11428,scalar,WirelessA2.hostPU1.wlan[0].mac,nbDroppedFrames,,,0,,,,,,,,
TwoHostIntegratedInCSMA-0-20180512-18:27:35-11428,scalar,WirelessA2.hostPU1.wlan[0].mac,nbMissedAcks,,,0,,,,,,,,
TwoHostIntegratedInCSMA-0-20180512-18:27:35-11428,scalar,WirelessA2.hostPU1.wlan[0].mac,nbRecvdAcks,,,0,,,,,,,,
TwoHostIntegratedInCSMA-0-20180512-18:27:35-11428,scalar,WirelessA2.hostPU1.wlan[0].mac,nbTxAcks,,,0,,,,,,,,
TwoHostIntegratedInCSMA-0-20180512-18:27:35-11428,scalar,WirelessA2.hostPU1.wlan[0].mac,nbDuplicates,,,0,,,,,,,,
TwoHostIntegratedInCSMA-0-20180512-18:27:35-11428,scalar,WirelessA2.hostPU1.wlan[0].mac,meanBackoff,,,0.00053333333333333,,,,,,,,
TwoHostIntegratedInCSMA-0-20180512-18:27:35-11428,scalar,WirelessA2.hostPU1.wlan[0].mac,nbBackoffs,,,12,,,,,,,,
TwoHostIntegratedInCSMA-0-20180512-18:27:35-11428,scalar,WirelessA2.hostPU1.wlan[0].mac,backoffDurations,,,0.0064,,,,,,,,
TwoHostIntegratedInCSMA-0-20180512-18:27:35-11428,scalar,WirelessA2.hostPU1.wlan[0].radio,transmissionState:count,,,40,,,,,,,,
TwoHostIntegratedInCSMA-0-20180512-18:27:35-11428,attr,WirelessA2.hostPU1.wlan[0].radio,transmissionState:count,interpolationmode,sample-hold,,,,,,,,,
TwoHostIntegratedInCSMA-0-20180512-18:27:35-11428,attr,WirelessA2.hostPU1.wlan[0].radio,transmissionState:count,source,transmissionStateChanged,,,,,,,,,
TwoHostIntegratedInCSMA-0-20180512-18:27:35-11428,attr,WirelessA2.hostPU1.wlan[0].radio,transmissionState:count,title,"Radio transmission state, count",,,,,,,,,
TwoHostIntegratedInCSMA-0-20180512-18:27:35-11428,scalar,WirelessA2.hostPU1.wlan[0].radio,receptionState:count,,,26,,,,,,,,
TwoHostIntegratedInCSMA-0-20180512-18:27:35-11428,attr,WirelessA2.hostPU1.wlan[0].radio,receptionState:count,interpolationmode,sample-hold,,,,,,,,,
TwoHostIntegratedInCSMA-0-20180512-18:27:35-11428,attr,WirelessA2.hostPU1.wlan[0].radio,receptionState:count,source,receptionStateChanged,,,,,,,,,
TwoHostIntegratedInCSMA-0-20180512-18:27:35-11428,attr,WirelessA2.hostPU1.wlan[0].radio,receptionState:count,title,"Radio reception state, count",,,,,,,,,
TwoHostIntegratedInCSMA-0-20180512-18:27:35-11428,scalar,WirelessA2.hostPU1.wlan[0].radio,radioMode:count,,,22,,,,,,,,
TwoHostIntegratedInCSMA-0-20180512-18:27:35-11428,attr,WirelessA2.hostPU1.wlan[0].radio,radioMode:count,interpolationmode,sample-hold,,,,,,,,,
TwoHostIntegratedInCSMA-0-20180512-18:27:35-11428,attr,WirelessA2.hostPU1.wlan[0].radio,radioMode:count,source,radioModeChanged,,,,,,,,,
TwoHostIntegratedInCSMA-0-20180512-18:27:35-11428,attr,WirelessA2.hostPU1.wlan[0].radio,radioMode:count,title,"Radio mode, count",,,,,,,,,
TwoHostIntegratedInCSMA-0-20180512-18:27:35-11428,scalar,WirelessA2.hostPU1.udpApp[0],packets sent,,,10,,,,,,,,
TwoHostIntegratedInCSMA-0-20180512-18:27:35-11428,scalar,WirelessA2.hostPU1.udpApp[0],packets received,,,0,,,,,,,,
TwoHostIntegratedInCSMA-0-20180512-18:27:35-11428,scalar,WirelessA2.hostPU1.udpApp[0],sentPk:count,,,10,,,,,,,,
TwoHostIntegratedInCSMA-0-20180512-18:27:35-11428,attr,WirelessA2.hostPU1.udpApp[0],sentPk:count,interpolationmode,none,,,,,,,,,
TwoHostIntegratedInCSMA-0-20180512-18:27:35-11428,attr,WirelessA2.hostPU1.udpApp[0],sentPk:count,source,sentPk,,,,,,,,,
TwoHostIntegratedInCSMA-0-20180512-18:27:35-11428,attr,WirelessA2.hostPU1.udpApp[0],sentPk:count,title,"packets sent, count",,,,,,,,,
TwoHostIntegratedInCSMA-0-20180512-18:27:35-11428,scalar,WirelessA2.hostPU1.udpApp[0],sentPk:sum(packetBytes),,,10000,,,,,,,,
TwoHostIntegratedInCSMA-0-20180512-18:27:35-11428,attr,WirelessA2.hostPU1.udpApp[0],sentPk:sum(packetBytes),interpolationmode,none,,,,,,,,,
TwoHostIntegratedInCSMA-0-20180512-18:27:35-11428,attr,WirelessA2.hostPU1.udpApp[0],sentPk:sum(packetBytes),source,sentPk,,,,,,,,,
TwoHostIntegratedInCSMA-0-20180512-18:27:35-11428,attr,WirelessA2.hostPU1.udpApp[0],sentPk:sum(packetBytes),title,"packets sent, sum(packetBytes)",,,,,,,,,
TwoHostIntegratedInCSMA-0-20180512-18:27:35-11428,scalar,WirelessA2.hostPU1.udpApp[0],rcvdPk:count,,,0,,,,,,,,
TwoHostIntegratedInCSMA-0-20180512-18:27:35-11428,attr,WirelessA2.hostPU1.udpApp[0],rcvdPk:count,interpolationmode,none,,,,,,,,,
TwoHostIntegratedInCSMA-0-20180512-18:27:35-11428,attr,WirelessA2.hostPU1.udpApp[0],rcvdPk:count,source,rcvdPk,,,,,,,,,
TwoHostIntegratedInCSMA-0-20180512-18:27:35-11428,attr,WirelessA2.hostPU1.udpApp[0],rcvdPk:count,title,"packets received, count",,,,,,,,,
TwoHostIntegratedInCSMA-0-20180512-18:27:35-11428,scalar,WirelessA2.hostPU1.udpApp[0],rcvdPk:sum(packetBytes),,,0,,,,,,,,
TwoHostIntegratedInCSMA-0-20180512-18:27:35-11428,attr,WirelessA2.hostPU1.udpApp[0],rcvdPk:sum(packetBytes),interpolationmode,none,,,,,,,,,
TwoHostIntegratedInCSMA-0-20180512-18:27:35-11428,attr,WirelessA2.hostPU1.udpApp[0],rcvdPk:sum(packetBytes),source,rcvdPk,,,,,,,,,
TwoHostIntegratedInCSMA-0-20180512-18:27:35-11428,attr,WirelessA2.hostPU1.udpApp[0],rcvdPk:sum(packetBytes),title,"packets received, sum(packetBytes)",,,,,,,,,
TwoHostIntegratedInCSMA-0-20180512-18:27:35-11428,scalar,WirelessA2.hostPU1.udp,droppedPkBadChecksum:count,,,0,,,,,,,,
TwoHostIntegratedInCSMA-0-20180512-18:27:35-11428,attr,WirelessA2.hostPU1.udp,droppedPkBadChecksum:count,interpolationmode,none,,,,,,,,,
TwoHostIntegratedInCSMA-0-20180512-18:27:35-11428,attr,WirelessA2.hostPU1.udp,droppedPkBadChecksum:count,title,"packets dropped (checksum error), count",,,,,,,,,
TwoHostIntegratedInCSMA-0-20180512-18:27:35-11428,scalar,WirelessA2.hostPU1.udp,droppedPkWrongPort:count,,,0,,,,,,,,
TwoHostIntegratedInCSMA-0-20180512-18:27:35-11428,attr,WirelessA2.hostPU1.udp,droppedPkWrongPort:count,interpolationmode,none,,,,,,,,,
TwoHostIntegratedInCSMA-0-20180512-18:27:35-11428,attr,WirelessA2.hostPU1.udp,droppedPkWrongPort:count,title,"packets dropped (wrong port), count",,,,,,,,,
TwoHostIntegratedInCSMA-0-20180512-18:27:35-11428,scalar,WirelessA2.hostPU1.udp,passedUpPk:count,,,0,,,,,,,,
TwoHostIntegratedInCSMA-0-20180512-18:27:35-11428,attr,WirelessA2.hostPU1.udp,passedUpPk:count,interpolationmode,none,,,,,,,,,
TwoHostIntegratedInCSMA-0-20180512-18:27:35-11428,attr,WirelessA2.hostPU1.udp,passedUpPk:count,title,"packets passed up, count",,,,,,,,,
TwoHostIntegratedInCSMA-0-20180512-18:27:35-11428,scalar,WirelessA2.hostPU1.udp,sentPk:count,,,10,,,,,,,,
TwoHostIntegratedInCSMA-0-20180512-18:27:35-11428,attr,WirelessA2.hostPU1.udp,sentPk:count,interpolationmode,none,,,,,,,,,
TwoHostIntegratedInCSMA-0-20180512-18:27:35-11428,attr,WirelessA2.hostPU1.udp,sentPk:count,source,sentPk,,,,,,,,,
TwoHostIntegratedInCSMA-0-20180512-18:27:35-11428,attr,WirelessA2.hostPU1.udp,sentPk:count,title,"packets sent, count",,,,,,,,,
TwoHostIntegratedInCSMA-0-20180512-18:27:35-11428,scalar,WirelessA2.hostPU1.udp,sentPk:sum(packetBytes),,,10080,,,,,,,,
TwoHostIntegratedInCSMA-0-20180512-18:27:35-11428,attr,WirelessA2.hostPU1.udp,sentPk:sum(packetBytes),interpolationmode,none,,,,,,,,,
TwoHostIntegratedInCSMA-0-20180512-18:27:35-11428,attr,WirelessA2.hostPU1.udp,sentPk:sum(packetBytes),source,sentPk,,,,,,,,,
TwoHostIntegratedInCSMA-0-20180512-18:27:35-11428,attr,WirelessA2.hostPU1.udp,sentPk:sum(packetBytes),title,"packets sent, sum(packetBytes)",,,,,,,,,
TwoHostIntegratedInCSMA-0-20180512-18:27:35-11428,scalar,WirelessA2.hostPU1.udp,rcvdPk:count,,,0,,,,,,,,
TwoHostIntegratedInCSMA-0-20180512-18:27:35-11428,attr,WirelessA2.hostPU1.udp,rcvdPk:count,interpolationmode,none,,,,,,,,,
TwoHostIntegratedInCSMA-0-20180512-18:27:35-11428,attr,WirelessA2.hostPU1.udp,rcvdPk:count,source,rcvdPk,,,,,,,,,
TwoHostIntegratedInCSMA-0-20180512-18:27:35-11428,attr,WirelessA2.hostPU1.udp,rcvdPk:count,title,"packets received, count",,,,,,,,,
TwoHostIntegratedInCSMA-0-20180512-18:27:35-11428,scalar,WirelessA2.hostPU1.udp,rcvdPk:sum(packetBytes),,,0,,,,,,,,
TwoHostIntegratedInCSMA-0-20180512-18:27:35-11428,attr,WirelessA2.hostPU1.udp,rcvdPk:sum(packetBytes),interpolationmode,none,,,,,,,,,
TwoHostIntegratedInCSMA-0-20180512-18:27:35-11428,attr,WirelessA2.hostPU1.udp,rcvdPk:sum(packetBytes),source,rcvdPk,,,,,,,,,
TwoHostIntegratedInCSMA-0-20180512-18:27:35-11428,attr,WirelessA2.hostPU1.udp,rcvdPk:sum(packetBytes),title,"packets received, sum(packetBytes)",,,,,,,,,
TwoHostIntegratedInCSMA-0-20180512-18:27:35-11428,scalar,WirelessA2.hostPU2.lo0.lo,droppedPkBitError:count,,,0,,,,,,,,
TwoHostIntegratedInCSMA-0-20180512-18:27:35-11428,attr,WirelessA2.hostPU2.lo0.lo,droppedPkBitError:count,interpolationmode,none,,,,,,,,,
TwoHostIntegratedInCSMA-0-20180512-18:27:35-11428,attr,WirelessA2.hostPU2.lo0.lo,droppedPkBitError:count,source,dropPkBitError,,,,,,,,,
TwoHostIntegratedInCSMA-0-20180512-18:27:35-11428,attr,WirelessA2.hostPU2.lo0.lo,droppedPkBitError:count,title,"packets dropped/bit error, count",,,,,,,,,
TwoHostIntegratedInCSMA-0-20180512-18:27:35-11428,scalar,WirelessA2.hostPU2.lo0.lo,droppedPkBitError:sum(packetBytes),,,0,,,,,,,,
TwoHostIntegratedInCSMA-0-20180512-18:27:35-11428,attr,WirelessA2.hostPU2.lo0.lo,droppedPkBitError:sum(packetBytes),interpolationmode,none,,,,,,,,,
TwoHostIntegratedInCSMA-0-20180512-18:27:35-11428,attr,WirelessA2.hostPU2.lo0.lo,droppedPkBitError:sum(packetBytes),source,dropPkBitError,,,,,,,,,
TwoHostIntegratedInCSMA-0-20180512-18:27:35-11428,attr,WirelessA2.hostPU2.lo0.lo,droppedPkBitError:sum(packetBytes),title,"packets dropped/bit error, sum(packetBytes)",,,,,,,,,
TwoHostIntegratedInCSMA-0-20180512-18:27:35-11428,scalar,WirelessA2.hostPU2.lo0.lo,rcvdPkFromHL:count,,,0,,,,,,,,
TwoHostIntegratedInCSMA-0-20180512-18:27:35-11428,attr,WirelessA2.hostPU2.lo0.lo,rcvdPkFromHL:count,interpolationmode,none,,,,,,,,,
TwoHostIntegratedInCSMA-0-20180512-18:27:35-11428,attr,WirelessA2.hostPU2.lo0.lo,rcvdPkFromHL:count,source,packetReceivedFromUpper,,,,,,,,,
TwoHostIntegratedInCSMA-0-20180512-18:27:35-11428,attr,WirelessA2.hostPU2.lo0.lo,rcvdPkFromHL:count,title,"packets received from higher layer, count",,,,,,,,,
TwoHostIntegratedInCSMA-0-20180512-18:27:35-11428,scalar,WirelessA2.hostPU2.lo0.lo,rcvdPkFromHL:sum(packetBytes),,,0,,,,,,,,
TwoHostIntegratedInCSMA-0-20180512-18:27:35-11428,attr,WirelessA2.hostPU2.lo0.lo,rcvdPkFromHL:sum(packetBytes),interpolationmode,none,,,,,,,,,
TwoHostIntegratedInCSMA-0-20180512-18:27:35-11428,attr,WirelessA2.hostPU2.lo0.lo,rcvdPkFromHL:sum(packetBytes),source,packetReceivedFromUpper,,,,,,,,,
TwoHostIntegratedInCSMA-0-20180512-18:27:35-11428,attr,WirelessA2.hostPU2.lo0.lo,rcvdPkFromHL:sum(packetBytes),title,"packets received from higher layer, sum(packetBytes)",,,,,,,,,
TwoHostIntegratedInCSMA-0-20180512-18:27:35-11428,scalar,WirelessA2.hostPU2.lo0.lo,passedUpPk:count,,,0,,,,,,,,
TwoHostIntegratedInCSMA-0-20180512-18:27:35-11428,attr,WirelessA2.hostPU2.lo0.lo,passedUpPk:count,interpolationmode,none,,,,,,,,,
TwoHostIntegratedInCSMA-0-20180512-18:27:35-11428,attr,WirelessA2.hostPU2.lo0.lo,passedUpPk:count,source,packetSentToUpper,,,,,,,,,
TwoHostIntegratedInCSMA-0-20180512-18:27:35-11428,attr,WirelessA2.hostPU2.lo0.lo,passedUpPk:count,title,"packets passed to higher layer, count",,,,,,,,,
TwoHostIntegratedInCSMA-0-20180512-18:27:35-11428,scalar,WirelessA2.hostPU2.lo0.lo,passedUpPk:sum(packetBytes),,,0,,,,,,,,
TwoHostIntegratedInCSMA-0-20180512-18:27:35-11428,attr,WirelessA2.hostPU2.lo0.lo,passedUpPk:sum(packetBytes),interpolationmode,none,,,,,,,,,
TwoHostIntegratedInCSMA-0-20180512-18:27:35-11428,attr,WirelessA2.hostPU2.lo0.lo,passedUpPk:sum(packetBytes),source,packetSentToUpper,,,,,,,,,
TwoHostIntegratedInCSMA-0-20180512-18:27:35-11428,attr,WirelessA2.hostPU2.lo0.lo,passedUpPk:sum(packetBytes),title,"packets passed to higher layer, sum(packetBytes)",,,,,,,,,
TwoHostIntegratedInCSMA-0-20180512-18:27:35-11428,scalar,WirelessA2.hostPU2.wlan[0].mac,nbTxFrames,,,0,,,,,,,,
TwoHostIntegratedInCSMA-0-20180512-18:27:35-11428,scalar,WirelessA2.hostPU2.wlan[0].mac,nbRxFrames,,,10,,,,,,,,
TwoHostIntegratedInCSMA-0-20180512-18:27:35-11428,scalar,WirelessA2.hostPU2.wlan[0].mac,nbDroppedFrames,,,0,,,,,,,,
TwoHostIntegratedInCSMA-0-20180512-18:27:35-11428,scalar,WirelessA2.hostPU2.wlan[0].mac,nbMissedAcks,,,0,,,,,,,,
TwoHostIntegratedInCSMA-0-20180512-18:27:35-11428,scalar,WirelessA2.hostPU2.wlan[0].mac,nbRecvdAcks,,,0,,,,,,,,
TwoHostIntegratedInCSMA-0-20180512-18:27:35-11428,scalar,WirelessA2.hostPU2.wlan[0].mac,nbTxAcks,,,0,,,,,,,,
TwoHostIntegratedInCSMA-0-20180512-18:27:35-11428,scalar,WirelessA2.hostPU2.wlan[0].mac,nbDuplicates,,,0,,,,,,,,
TwoHostIntegratedInCSMA-0-20180512-18:27:35-11428,scalar,WirelessA2.hostPU2.wlan[0].mac,meanBackoff,,,0,,,,,,,,
TwoHostIntegratedInCSMA-0-20180512-18:27:35-11428,scalar,WirelessA2.hostPU2.wlan[0].mac,nbBackoffs,,,0,,,,,,,,
TwoHostIntegratedInCSMA-0-20180512-18:27:35-11428,scalar,WirelessA2.hostPU2.wlan[0].mac,backoffDurations,,,0,,,,,,,,
TwoHostIntegratedInCSMA-0-20180512-18:27:35-11428,scalar,WirelessA2.hostPU2.wlan[0].radio,transmissionState:count,,,0,,,,,,,,
TwoHostIntegratedInCSMA-0-20180512-18:27:35-11428,attr,WirelessA2.hostPU2.wlan[0].radio,transmissionState:count,interpolationmode,sample-hold,,,,,,,,,
TwoHostIntegratedInCSMA-0-20180512-18:27:35-11428,attr,WirelessA2.hostPU2.wlan[0].radio,transmissionState:count,source,transmissionStateChanged,,,,,,,,,
TwoHostIntegratedInCSMA-0-20180512-18:27:35-11428,attr,WirelessA2.hostPU2.wlan[0].radio,transmissionState:count,title,"Radio transmission state, count",,,,,,,,,
TwoHostIntegratedInCSMA-0-20180512-18:27:35-11428,scalar,WirelessA2.hostPU2.wlan[0].radio,receptionState:count,,,21,,,,,,,,
TwoHostIntegratedInCSMA-0-20180512-18:27:35-11428,attr,WirelessA2.hostPU2.wlan[0].radio,receptionState:count,interpolationmode,sample-hold,,,,,,,,,
TwoHostIntegratedInCSMA-0-20180512-18:27:35-11428,attr,WirelessA2.hostPU2.wlan[0].radio,receptionState:count,source,receptionStateChanged,,,,,,,,,
TwoHostIntegratedInCSMA-0-20180512-18:27:35-11428,attr,WirelessA2.hostPU2.wlan[0].radio,receptionState:count,title,"Radio reception state, count",,,,,,,,,
TwoHostIntegratedInCSMA-0-20180512-18:27:35-11428,scalar,WirelessA2.hostPU2.wlan[0].radio,radioMode:count,,,2,,,,,,,,
TwoHostIntegratedInCSMA-0-20180512-18:27:35-11428,attr,WirelessA2.hostPU2.wlan[0].radio,radioMode:count,interpolationmode,sample-hold,,,,,,,,,
TwoHostIntegratedInCSMA-0-20180512-18:27:35-11428,attr,WirelessA2.hostPU2.wlan[0].radio,radioMode:count,source,radioModeChanged,,,,,,,,,
TwoHostIntegratedInCSMA-0-20180512-18:27:35-11428,attr,WirelessA2.hostPU2.wlan[0].radio,radioMode:count,title,"Radio mode, count",,,,,,,,,
TwoHostIntegratedInCSMA-0-20180512-18:27:35-11428,scalar,WirelessA2.hostPU2.udpApp[0],rcvdPk:count,,,10,,,,,,,,
TwoHostIntegratedInCSMA-0-20180512-18:27:35-11428,attr,WirelessA2.hostPU2.udpApp[0],rcvdPk:count,interpolationmode,none,,,,,,,,,
TwoHostIntegratedInCSMA-0-20180512-18:27:35-11428,attr,WirelessA2.hostPU2.udpApp[0],rcvdPk:count,source,rcvdPk,,,,,,,,,
TwoHostIntegratedInCSMA-0-20180512-18:27:35-11428,attr,WirelessA2.hostPU2.udpApp[0],rcvdPk:count,title,"packets received, count",,,,,,,,,
TwoHostIntegratedInCSMA-0-20180512-18:27:35-11428,scalar,WirelessA2.hostPU2.udpApp[0],rcvdPk:sum(packetBytes),,,10000,,,,,,,,
TwoHostIntegratedInCSMA-0-20180512-18:27:35-11428,attr,WirelessA2.hostPU2.udpApp[0],rcvdPk:sum(packetBytes),interpolationmode,none,,,,,,,,,
TwoHostIntegratedInCSMA-0-20180512-18:27:35-11428,attr,WirelessA2.hostPU2.udpApp[0],rcvdPk:sum(packetBytes),source,rcvdPk,,,,,,,,,
TwoHostIntegratedInCSMA-0-20180512-18:27:35-11428,attr,WirelessA2.hostPU2.udpApp[0],rcvdPk:sum(packetBytes),title,"packets received, sum(packetBytes)",,,,,,,,,
TwoHostIntegratedInCSMA-0-20180512-18:27:35-11428,scalar,WirelessA2.hostPU2.udp,droppedPkBadChecksum:count,,,0,,,,,,,,
TwoHostIntegratedInCSMA-0-20180512-18:27:35-11428,attr,WirelessA2.hostPU2.udp,droppedPkBadChecksum:count,interpolationmode,none,,,,,,,,,
TwoHostIntegratedInCSMA-0-20180512-18:27:35-11428,attr,WirelessA2.hostPU2.udp,droppedPkBadChecksum:count,title,"packets dropped (checksum error), count",,,,,,,,,
TwoHostIntegratedInCSMA-0-20180512-18:27:35-11428,scalar,WirelessA2.hostPU2.udp,droppedPkWrongPort:count,,,0,,,,,,,,
TwoHostIntegratedInCSMA-0-20180512-18:27:35-11428,attr,WirelessA2.hostPU2.udp,droppedPkWrongPort:count,interpolationmode,none,,,,,,,,,
TwoHostIntegratedInCSMA-0-20180512-18:27:35-11428,attr,WirelessA2.hostPU2.udp,droppedPkWrongPort:count,title,"packets dropped (wrong port), count",,,,,,,,,
TwoHostIntegratedInCSMA-0-20180512-18:27:35-11428,scalar,WirelessA2.hostPU2.udp,passedUpPk:count,,,10,,,,,,,,
TwoHostIntegratedInCSMA-0-20180512-18:27:35-11428,attr,WirelessA2.hostPU2.udp,passedUpPk:count,interpolationmode,none,,,,,,,,,
TwoHostIntegratedInCSMA-0-20180512-18:27:35-11428,attr,WirelessA2.hostPU2.udp,passedUpPk:count,title,"packets passed up, count",,,,,,,,,
TwoHostIntegratedInCSMA-0-20180512-18:27:35-11428,scalar,WirelessA2.hostPU2.udp,sentPk:count,,,0,,,,,,,,
TwoHostIntegratedInCSMA-0-20180512-18:27:35-11428,attr,WirelessA2.hostPU2.udp,sentPk:count,interpolationmode,none,,,,,,,,,
TwoHostIntegratedInCSMA-0-20180512-18:27:35-11428,attr,WirelessA2.hostPU2.udp,sentPk:count,source,sentPk,,,,,,,,,
TwoHostIntegratedInCSMA-0-20180512-18:27:35-11428,attr,WirelessA2.hostPU2.udp,sentPk:count,title,"packets sent, count",,,,,,,,,
TwoHostIntegratedInCSMA-0-20180512-18:27:35-11428,scalar,WirelessA2.hostPU2.udp,sentPk:sum(packetBytes),,,0,,,,,,,,
TwoHostIntegratedInCSMA-0-20180512-18:27:35-11428,attr,WirelessA2.hostPU2.udp,sentPk:sum(packetBytes),interpolationmode,none,,,,,,,,,
TwoHostIntegratedInCSMA-0-20180512-18:27:35-11428,attr,WirelessA2.hostPU2.udp,sentPk:sum(packetBytes),source,sentPk,,,,,,,,,
TwoHostIntegratedInCSMA-0-20180512-18:27:35-11428,attr,WirelessA2.hostPU2.udp,sentPk:sum(packetBytes),title,"packets sent, sum(packetBytes)",,,,,,,,,
TwoHostIntegratedInCSMA-0-20180512-18:27:35-11428,scalar,WirelessA2.hostPU2.udp,rcvdPk:count,,,10,,,,,,,,
TwoHostIntegratedInCSMA-0-20180512-18:27:35-11428,attr,WirelessA2.hostPU2.udp,rcvdPk:count,interpolationmode,none,,,,,,,,,
TwoHostIntegratedInCSMA-0-20180512-18:27:35-11428,attr,WirelessA2.hostPU2.udp,rcvdPk:count,source,rcvdPk,,,,,,,,,
TwoHostIntegratedInCSMA-0-20180512-18:27:35-11428,attr,WirelessA2.hostPU2.udp,rcvdPk:count,title,"packets received, count",,,,,,,,,
TwoHostIntegratedInCSMA-0-20180512-18:27:35-11428,scalar,WirelessA2.hostPU2.udp,rcvdPk:sum(packetBytes),,,10080,,,,,,,,
TwoHostIntegratedInCSMA-0-20180512-18:27:35-11428,attr,WirelessA2.hostPU2.udp,rcvdPk:sum(packetBytes),interpolationmode,none,,,,,,,,,
TwoHostIntegratedInCSMA-0-20180512-18:27:35-11428,attr,WirelessA2.hostPU2.udp,rcvdPk:sum(packetBytes),source,rcvdPk,,,,,,,,,
TwoHostIntegratedInCSMA-0-20180512-18:27:35-11428,attr,WirelessA2.hostPU2.udp,rcvdPk:sum(packetBytes),title,"packets received, sum(packetBytes)",,,,,,,,,
TwoHostIntegratedInCSMA-0-20180512-18:27:35-11428,statistic,WirelessA2.hostA.udpApp[0],rcvdPkLifetime:stats,,,,0,,NaN,NaN,NaN,NaN,,
TwoHostIntegratedInCSMA-0-20180512-18:27:35-11428,attr,WirelessA2.hostA.udpApp[0],rcvdPkLifetime:stats,interpolationmode,none,,,,,,,,,
TwoHostIntegratedInCSMA-0-20180512-18:27:35-11428,attr,WirelessA2.hostA.udpApp[0],rcvdPkLifetime:stats,source,messageAge(rcvdPk),,,,,,,,,
TwoHostIntegratedInCSMA-0-20180512-18:27:35-11428,attr,WirelessA2.hostA.udpApp[0],rcvdPkLifetime:stats,title,"received packet lifetime, stats",,,,,,,,,
TwoHostIntegratedInCSMA-0-20180512-18:27:35-11428,attr,WirelessA2.hostA.udpApp[0],rcvdPkLifetime:stats,unit,s,,,,,,,,,
TwoHostIntegratedInCSMA-0-20180512-18:27:35-11428,statistic,WirelessA2.hostPU1.udpApp[0],rcvdPkLifetime:stats,,,,0,,NaN,NaN,NaN,NaN,,
TwoHostIntegratedInCSMA-0-20180512-18:27:35-11428,attr,WirelessA2.hostPU1.udpApp[0],rcvdPkLifetime:stats,interpolationmode,none,,,,,,,,,
TwoHostIntegratedInCSMA-0-20180512-18:27:35-11428,attr,WirelessA2.hostPU1.udpApp[0],rcvdPkLifetime:stats,source,messageAge(rcvdPk),,,,,,,,,
TwoHostIntegratedInCSMA-0-20180512-18:27:35-11428,attr,WirelessA2.hostPU1.udpApp[0],rcvdPkLifetime:stats,title,"received packet lifetime, stats",,,,,,,,,
TwoHostIntegratedInCSMA-0-20180512-18:27:35-11428,attr,WirelessA2.hostPU1.udpApp[0],rcvdPkLifetime:stats,unit,s,,,,,,,,,
TwoHostIntegratedInCSMA-0-20180512-18:27:35-11428,histogram,WirelessA2.hostA.wlan[0].radio,symbolErrorRate:histogram,,,,7,,0,0,0,0," -0.5 -0.46666666666667 -0.43333333333333 -0.4 -0.36666666666667 -0.33333333333333 -0.3 -0.26666666666667 -0.23333333333333 -0.2 -0.16666666666667 -0.13333333333333 -0.1 -0.066666666666667 -0.033333333333333 0 0.033333333333333 0.066666666666667 0.1 0.13333333333333 0.16666666666667 0.2 0.23333333333333 0.26666666666667 0.3 0.33333333333333 0.36666666666667 0.4 0.43333333333333 0.46666666666667 0.5"," 0 0 0 0 0 0 0 0 0 0 0 0 0 0 0 7 0 0 0 0 0 0 0 0 0 0 0 0 0 0"
TwoHostIntegratedInCSMA-0-20180512-18:27:35-11428,attr,WirelessA2.hostA.wlan[0].radio,symbolErrorRate:histogram,source,symbolErrorRate,,,,,,,,,
TwoHostIntegratedInCSMA-0-20180512-18:27:35-11428,attr,WirelessA2.hostA.wlan[0].radio,symbolErrorRate:histogram,title,"Symbol error rate, histogram",,,,,,,,,
TwoHostIntegratedInCSMA-0-20180512-18:27:35-11428,histogram,WirelessA2.hostA.wlan[0].radio,bitErrorRate:histogram,,,,7,,0,0,0,0," -0.5 -0.46666666666667 -0.43333333333333 -0.4 -0.36666666666667 -0.33333333333333 -0.3 -0.26666666666667 -0.23333333333333 -0.2 -0.16666666666667 -0.13333333333333 -0.1 -0.066666666666667 -0.033333333333333 0 0.033333333333333 0.066666666666667 0.1 0.13333333333333 0.16666666666667 0.2 0.23333333333333 0.26666666666667 0.3 0.33333333333333 0.36666666666667 0.4 0.43333333333333 0.46666666666667 0.5"," 0 0 0 0 0 0 0 0 0 0 0 0 0 0 0 7 0 0 0 0 0 0 0 0 0 0 0 0 0 0"
TwoHostIntegratedInCSMA-0-20180512-18:27:35-11428,attr,WirelessA2.hostA.wlan[0].radio,bitErrorRate:histogram,source,bitErrorRate,,,,,,,,,
TwoHostIntegratedInCSMA-0-20180512-18:27:35-11428,attr,WirelessA2.hostA.wlan[0].radio,bitErrorRate:histogram,title,"Bit error rate, histogram",,,,,,,,,
TwoHostIntegratedInCSMA-0-20180512-18:27:35-11428,histogram,WirelessA2.hostA.wlan[0].radio,packetErrorRate:histogram,,,,7,,0,0,0,0," -0.5 -0.46666666666667 -0.43333333333333 -0.4 -0.36666666666667 -0.33333333333333 -0.3 -0.26666666666667 -0.23333333333333 -0.2 -0.16666666666667 -0.13333333333333 -0.1 -0.066666666666667 -0.033333333333333 0 0.033333333333333 0.066666666666667 0.1 0.13333333333333 0.16666666666667 0.2 0.23333333333333 0.26666666666667 0.3 0.33333333333333 0.36666666666667 0.4 0.43333333333333 0.46666666666667 0.5"," 0 0 0 0 0 0 0 0 0 0 0 0 0 0 0 7 0 0 0 0 0 0 0 0 0 0 0 0 0 0"
TwoHostIntegratedInCSMA-0-20180512-18:27:35-11428,attr,WirelessA2.hostA.wlan[0].radio,packetErrorRate:histogram,source,packetErrorRate,,,,,,,,,
TwoHostIntegratedInCSMA-0-20180512-18:27:35-11428,attr,WirelessA2.hostA.wlan[0].radio,packetErrorRate:histogram,title,"Packet error rate, histogram",,,,,,,,,
TwoHostIntegratedInCSMA-0-20180512-18:27:35-11428,histogram,WirelessA2.hostA.wlan[0].radio,minSNIR:histogram,,,,0,,NaN,NaN,NaN,NaN," -0.5 -0.46666666666667 -0.43333333333333 -0.4 -0.36666666666667 -0.33333333333333 -0.3 -0.26666666666667 -0.23333333333333 -0.2 -0.16666666666667 -0.13333333333333 -0.1 -0.066666666666667 -0.033333333333333 0 0.033333333333333 0.066666666666667 0.1 0.13333333333333 0.16666666666667 0.2 0.23333333333333 0.26666666666667 0.3 0.33333333333333 0.36666666666667 0.4 0.43333333333333 0.46666666666667 0.5"," 0 0 0 0 0 0 0 0 0 0 0 0 0 0 0 0 0 0 0 0 0 0 0 0 0 0 0 0 0 0"
TwoHostIntegratedInCSMA-0-20180512-18:27:35-11428,attr,WirelessA2.hostA.wlan[0].radio,minSNIR:histogram,source,minSNIR,,,,,,,,,
TwoHostIntegratedInCSMA-0-20180512-18:27:35-11428,attr,WirelessA2.hostA.wlan[0].radio,minSNIR:histogram,title,"Min SNIR, histogram",,,,,,,,,
TwoHostIntegratedInCSMA-0-20180512-18:27:35-11428,histogram,WirelessA2.hostB.wlan[0].radio,symbolErrorRate:histogram,,,,12,,0.25,0.45226701686665,0,1," -1 0 1 2"," 0 9 3"
TwoHostIntegratedInCSMA-0-20180512-18:27:35-11428,attr,WirelessA2.hostB.wlan[0].radio,symbolErrorRate:histogram,source,symbolErrorRate,,,,,,,,,
TwoHostIntegratedInCSMA-0-20180512-18:27:35-11428,attr,WirelessA2.hostB.wlan[0].radio,symbolErrorRate:histogram,title,"Symbol error rate, histogram",,,,,,,,,
TwoHostIntegratedInCSMA-0-20180512-18:27:35-11428,histogram,WirelessA2.hostB.wlan[0].radio,bitErrorRate:histogram,,,,12,,0.25,0.45226701686665,0,1," -1 0 1 2"," 0 9 3"
TwoHostIntegratedInCSMA-0-20180512-18:27:35-11428,attr,WirelessA2.hostB.wlan[0].radio,bitErrorRate:histogram,source,bitErrorRate,,,,,,,,,
TwoHostIntegratedInCSMA-0-20180512-18:27:35-11428,attr,WirelessA2.hostB.wlan[0].radio,bitErrorRate:histogram,title,"Bit error rate, histogram",,,,,,,,,
TwoHostIntegratedInCSMA-0-20180512-18:27:35-11428,histogram,WirelessA2.hostB.wlan[0].radio,packetErrorRate:histogram,,,,12,,0.25,0.45226701686665,0,1," -1 0 1 2"," 0 9 3"
TwoHostIntegratedInCSMA-0-20180512-18:27:35-11428,attr,WirelessA2.hostB.wlan[0].radio,packetErrorRate:histogram,source,packetErrorRate,,,,,,,,,
TwoHostIntegratedInCSMA-0-20180512-18:27:35-11428,attr,WirelessA2.hostB.wlan[0].radio,packetErrorRate:histogram,title,"Packet error rate, histogram",,,,,,,,,
TwoHostIntegratedInCSMA-0-20180512-18:27:35-11428,histogram,WirelessA2.hostB.wlan[0].radio,minSNIR:histogram,,,,0,,NaN,NaN,NaN,NaN," -0.5 -0.46666666666667 -0.43333333333333 -0.4 -0.36666666666667 -0.33333333333333 -0.3 -0.26666666666667 -0.23333333333333 -0.2 -0.16666666666667 -0.13333333333333 -0.1 -0.066666666666667 -0.033333333333333 0 0.033333333333333 0.066666666666667 0.1 0.13333333333333 0.16666666666667 0.2 0.23333333333333 0.26666666666667 0.3 0.33333333333333 0.36666666666667 0.4 0.43333333333333 0.46666666666667 0.5"," 0 0 0 0 0 0 0 0 0 0 0 0 0 0 0 0 0 0 0 0 0 0 0 0 0 0 0 0 0 0"
TwoHostIntegratedInCSMA-0-20180512-18:27:35-11428,attr,WirelessA2.hostB.wlan[0].radio,minSNIR:histogram,source,minSNIR,,,,,,,,,
TwoHostIntegratedInCSMA-0-20180512-18:27:35-11428,attr,WirelessA2.hostB.wlan[0].radio,minSNIR:histogram,title,"Min SNIR, histogram",,,,,,,,,
TwoHostIntegratedInCSMA-0-20180512-18:27:35-11428,histogram,WirelessA2.hostB.udpApp[0],endToEndDelay:histogram,,,,2,,0.003415734256,0.0027605448737523,0.001463734256,0.005367734256," -0.000488265744 -0.00022799907733333 3.2267589333334e-005 0.000292534256 0.00055280092266667 0.00081306758933333 0.001073334256 0.0013336009226667 0.0015938675893333 0.001854134256 0.0021144009226667 0.0023746675893333 0.002634934256 0.0028952009226667 0.0031554675893333 0.003415734256 0.0036760009226667 0.0039362675893333 0.004196534256 0.0044568009226667 0.0047170675893333 0.004977334256 0.0052376009226667 0.0054978675893333 0.005758134256 0.0060184009226667 0.0062786675893333 0.006538934256 0.0067992009226667 0.0070594675893333 0.007319734256"," 0 0 0 0 0 0 0 1 0 0 0 0 0 0 0 0 0 0 0 0 0 0 1 0 0 0 0 0 0 0"
TwoHostIntegratedInCSMA-0-20180512-18:27:35-11428,attr,WirelessA2.hostB.udpApp[0],endToEndDelay:histogram,interpolationmode,none,,,,,,,,,
TwoHostIntegratedInCSMA-0-20180512-18:27:35-11428,attr,WirelessA2.hostB.udpApp[0],endToEndDelay:histogram,source,messageAge(rcvdPk),,,,,,,,,
TwoHostIntegratedInCSMA-0-20180512-18:27:35-11428,attr,WirelessA2.hostB.udpApp[0],endToEndDelay:histogram,title,"end-to-end delay, histogram",,,,,,,,,
TwoHostIntegratedInCSMA-0-20180512-18:27:35-11428,attr,WirelessA2.hostB.udpApp[0],endToEndDelay:histogram,unit,s,,,,,,,,,
TwoHostIntegratedInCSMA-0-20180512-18:27:35-11428,histogram,WirelessA2.hostPU1.wlan[0].radio,symbolErrorRate:histogram,,,,2,,0,0,0,0," -0.5 -0.46666666666667 -0.43333333333333 -0.4 -0.36666666666667 -0.33333333333333 -0.3 -0.26666666666667 -0.23333333333333 -0.2 -0.16666666666667 -0.13333333333333 -0.1 -0.066666666666667 -0.033333333333333 0 0.033333333333333 0.066666666666667 0.1 0.13333333333333 0.16666666666667 0.2 0.23333333333333 0.26666666666667 0.3 0.33333333333333 0.36666666666667 0.4 0.43333333333333 0.46666666666667 0.5"," 0 0 0 0 0 0 0 0 0 0 0 0 0 0 0 2 0 0 0 0 0 0 0 0 0 0 0 0 0 0"
TwoHostIntegratedInCSMA-0-20180512-18:27:35-11428,attr,WirelessA2.hostPU1.wlan[0].radio,symbolErrorRate:histogram,source,symbolErrorRate,,,,,,,,,
TwoHostIntegratedInCSMA-0-20180512-18:27:35-11428,attr,WirelessA2.hostPU1.wlan[0].radio,symbolErrorRate:histogram,title,"Symbol error rate, histogram",,,,,,,,,
TwoHostIntegratedInCSMA-0-20180512-18:27:35-11428,histogram,WirelessA2.hostPU1.wlan[0].radio,bitErrorRate:histogram,,,,2,,0,0,0,0," -0.5 -0.46666666666667 -0.43333333333333 -0.4 -0.36666666666667 -0.33333333333333 -0.3 -0.26666666666667 -0.23333333333333 -0.2 -0.16666666666667 -0.13333333333333 -0.1 -0.066666666666667 -0.033333333333333 0 0.033333333333333 0.066666666666667 0.1 0.13333333333333 0.16666666666667 0.2 0.23333333333333 0.26666666666667 0.3 0.33333333333333 0.36666666666667 0.4 0.43333333333333 0.46666666666667 0.5"," 0 0 0 0 0 0 0 0 0 0 0 0 0 0 0 2 0 0 0 0 0 0 0 0 0 0 0 0 0 0"
TwoHostIntegratedInCSMA-0-20180512-18:27:35-11428,attr,WirelessA2.hostPU1.wlan[0].radio,bitErrorRate:histogram,source,bitErrorRate,,,,,,,,,
TwoHostIntegratedInCSMA-0-20180512-18:27:35-11428,attr,WirelessA2.hostPU1.wlan[0].radio,bitErrorRate:histogram,title,"Bit error rate, histogram",,,,,,,,,
TwoHostIntegratedInCSMA-0-20180512-18:27:35-11428,histogram,WirelessA2.hostPU1.wlan[0].radio,packetErrorRate:histogram,,,,2,,0,0,0,0," -0.5 -0.46666666666667 -0.43333333333333 -0.4 -0.36666666666667 -0.33333333333333 -0.3 -0.26666666666667 -0.23333333333333 -0.2 -0.16666666666667 -0.13333333333333 -0.1 -0.066666666666667 -0.033333333333333 0 0.033333333333333 0.066666666666667 0.1 0.13333333333333 0.16666666666667 0.2 0.23333333333333 0.26666666666667 0.3 0.33333333333333 0.36666666666667 0.4 0.43333333333333 0.46666666666667 0.5"," 0 0 0 0 0 0 0 0 0 0 0 0 0 0 0 2 0 0 0 0 0 0 0 0 0 0 0 0 0 0"
TwoHostIntegratedInCSMA-0-20180512-18:27:35-11428,attr,WirelessA2.hostPU1.wlan[0].radio,packetErrorRate:histogram,source,packetErrorRate,,,,,,,,,
TwoHostIntegratedInCSMA-0-20180512-18:27:35-11428,attr,WirelessA2.hostPU1.wlan[0].radio,packetErrorRate:histogram,title,"Packet error rate, histogram",,,,,,,,,
TwoHostIntegratedInCSMA-0-20180512-18:27:35-11428,histogram,WirelessA2.hostPU1.wlan[0].radio,minSNIR:histogram,,,,0,,NaN,NaN,NaN,NaN," -0.5 -0.46666666666667 -0.43333333333333 -0.4 -0.36666666666667 -0.33333333333333 -0.3 -0.26666666666667 -0.23333333333333 -0.2 -0.16666666666667 -0.13333333333333 -0.1 -0.066666666666667 -0.033333333333333 0 0.033333333333333 0.066666666666667 0.1 0.13333333333333 0.16666666666667 0.2 0.23333333333333 0.26666666666667 0.3 0.33333333333333 0.36666666666667 0.4 0.43333333333333 0.46666666666667 0.5"," 0 0 0 0 0 0 0 0 0 0 0 0 0 0 0 0 0 0 0 0 0 0 0 0 0 0 0 0 0 0"
TwoHostIntegratedInCSMA-0-20180512-18:27:35-11428,attr,WirelessA2.hostPU1.wlan[0].radio,minSNIR:histogram,source,minSNIR,,,,,,,,,
TwoHostIntegratedInCSMA-0-20180512-18:27:35-11428,attr,WirelessA2.hostPU1.wlan[0].radio,minSNIR:histogram,title,"Min SNIR, histogram",,,,,,,,,
TwoHostIntegratedInCSMA-0-20180512-18:27:35-11428,histogram,WirelessA2.hostPU2.wlan[0].radio,symbolErrorRate:histogram,,,,10,,0,0,0,0," -0.5 -0.46666666666667 -0.43333333333333 -0.4 -0.36666666666667 -0.33333333333333 -0.3 -0.26666666666667 -0.23333333333333 -0.2 -0.16666666666667 -0.13333333333333 -0.1 -0.066666666666667 -0.033333333333333 0 0.033333333333333 0.066666666666667 0.1 0.13333333333333 0.16666666666667 0.2 0.23333333333333 0.26666666666667 0.3 0.33333333333333 0.36666666666667 0.4 0.43333333333333 0.46666666666667 0.5"," 0 0 0 0 0 0 0 0 0 0 0 0 0 0 0 10 0 0 0 0 0 0 0 0 0 0 0 0 0 0"
TwoHostIntegratedInCSMA-0-20180512-18:27:35-11428,attr,WirelessA2.hostPU2.wlan[0].radio,symbolErrorRate:histogram,source,symbolErrorRate,,,,,,,,,
TwoHostIntegratedInCSMA-0-20180512-18:27:35-11428,attr,WirelessA2.hostPU2.wlan[0].radio,symbolErrorRate:histogram,title,"Symbol error rate, histogram",,,,,,,,,
TwoHostIntegratedInCSMA-0-20180512-18:27:35-11428,histogram,WirelessA2.hostPU2.wlan[0].radio,bitErrorRate:histogram,,,,10,,0,0,0,0," -0.5 -0.46666666666667 -0.43333333333333 -0.4 -0.36666666666667 -0.33333333333333 -0.3 -0.26666666666667 -0.23333333333333 -0.2 -0.16666666666667 -0.13333333333333 -0.1 -0.066666666666667 -0.033333333333333 0 0.033333333333333 0.066666666666667 0.1 0.13333333333333 0.16666666666667 0.2 0.23333333333333 0.26666666666667 0.3 0.33333333333333 0.36666666666667 0.4 0.43333333333333 0.46666666666667 0.5"," 0 0 0 0 0 0 0 0 0 0 0 0 0 0 0 10 0 0 0 0 0 0 0 0 0 0 0 0 0 0"
TwoHostIntegratedInCSMA-0-20180512-18:27:35-11428,attr,WirelessA2.hostPU2.wlan[0].radio,bitErrorRate:histogram,source,bitErrorRate,,,,,,,,,
TwoHostIntegratedInCSMA-0-20180512-18:27:35-11428,attr,WirelessA2.hostPU2.wlan[0].radio,bitErrorRate:histogram,title,"Bit error rate, histogram",,,,,,,,,
TwoHostIntegratedInCSMA-0-20180512-18:27:35-11428,histogram,WirelessA2.hostPU2.wlan[0].radio,packetErrorRate:histogram,,,,10,,0,0,0,0," -0.5 -0.46666666666667 -0.43333333333333 -0.4 -0.36666666666667 -0.33333333333333 -0.3 -0.26666666666667 -0.23333333333333 -0.2 -0.16666666666667 -0.13333333333333 -0.1 -0.066666666666667 -0.033333333333333 0 0.033333333333333 0.066666666666667 0.1 0.13333333333333 0.16666666666667 0.2 0.23333333333333 0.26666666666667 0.3 0.33333333333333 0.36666666666667 0.4 0.43333333333333 0.46666666666667 0.5"," 0 0 0 0 0 0 0 0 0 0 0 0 0 0 0 10 0 0 0 0 0 0 0 0 0 0 0 0 0 0"
TwoHostIntegratedInCSMA-0-20180512-18:27:35-11428,attr,WirelessA2.hostPU2.wlan[0].radio,packetErrorRate:histogram,source,packetErrorRate,,,,,,,,,
TwoHostIntegratedInCSMA-0-20180512-18:27:35-11428,attr,WirelessA2.hostPU2.wlan[0].radio,packetErrorRate:histogram,title,"Packet error rate, histogram",,,,,,,,,
TwoHostIntegratedInCSMA-0-20180512-18:27:35-11428,histogram,WirelessA2.hostPU2.wlan[0].radio,minSNIR:histogram,,,,0,,NaN,NaN,NaN,NaN," -0.5 -0.46666666666667 -0.43333333333333 -0.4 -0.36666666666667 -0.33333333333333 -0.3 -0.26666666666667 -0.23333333333333 -0.2 -0.16666666666667 -0.13333333333333 -0.1 -0.066666666666667 -0.033333333333333 0 0.033333333333333 0.066666666666667 0.1 0.13333333333333 0.16666666666667 0.2 0.23333333333333 0.26666666666667 0.3 0.33333333333333 0.36666666666667 0.4 0.43333333333333 0.46666666666667 0.5"," 0 0 0 0 0 0 0 0 0 0 0 0 0 0 0 0 0 0 0 0 0 0 0 0 0 0 0 0 0 0"
TwoHostIntegratedInCSMA-0-20180512-18:27:35-11428,attr,WirelessA2.hostPU2.wlan[0].radio,minSNIR:histogram,source,minSNIR,,,,,,,,,
TwoHostIntegratedInCSMA-0-20180512-18:27:35-11428,attr,WirelessA2.hostPU2.wlan[0].radio,minSNIR:histogram,title,"Min SNIR, histogram",,,,,,,,,
TwoHostIntegratedInCSMA-0-20180512-18:27:35-11428,histogram,WirelessA2.hostPU2.udpApp[0],endToEndDelay:histogram,,,,10,,0.0034667352677,0.0010930186902651,0.001463734256,0.005290795244," -0.000449796238 -0.0001946588388 6.04785604e-005 0.0003156159596 0.0005707533588 0.000825890758 0.0010810281572 0.0013361655564 0.0015913029556 0.0018464403548 0.002101577754 0.0023567151532 0.0026118525524 0.0028669899516 0.0031221273508 0.00337726475 0.0036324021492 0.0038875395484 0.0041426769476 0.0043978143468 0.004652951746 0.0049080891452 0.0051632265444 0.0054183639436 0.0056735013428 0.005928638742 0.0061837761412 0.0064389135404 0.0066940509396 0.0069491883388 0.007204325738"," 0 0 0 0 0 0 0 1 0 0 0 2 0 0 1 1 2 1 0 1 0 0 1 0 0 0 0 0 0 0"
TwoHostIntegratedInCSMA-0-20180512-18:27:35-11428,attr,WirelessA2.hostPU2.udpApp[0],endToEndDelay:histogram,interpolationmode,none,,,,,,,,,
TwoHostIntegratedInCSMA-0-20180512-18:27:35-11428,attr,WirelessA2.hostPU2.udpApp[0],endToEndDelay:histogram,source,messageAge(rcvdPk),,,,,,,,,
TwoHostIntegratedInCSMA-0-20180512-18:27:35-11428,attr,WirelessA2.hostPU2.udpApp[0],endToEndDelay:histogram,title,"end-to-end delay, histogram",,,,,,,,,
TwoHostIntegratedInCSMA-0-20180512-18:27:35-11428,attr,WirelessA2.hostPU2.udpApp[0],endToEndDelay:histogram,unit,s,,,,,,,,,
